Date,Region,Class,Commodity,Variety,Unit,Number of Stores,Weighted Avg Price,Month,AvgTempC,AvgTempF,AvgPrecipitation,AvgPressure
2014-01-03 00:00:00,NATIONAL,ONIONS AND POTATOES,ONIONS DRY,YELLOW,2 lb bag,497,1.11,Jan,8,46,0.125,994.5
2014-01-10 00:00:00,NATIONAL,ONIONS AND POTATOES,ONIONS DRY,YELLOW,2 lb bag,443,1.2,Jan,6,42,0,1014.25
2014-01-10 00:00:00,NATIONAL,ONIONS AND POTATOES,ONIONS DRY,YELLOW,2 lb bag,169,3.99,Jan,6,42,0,1014.25
2014-01-17 00:00:00,NATIONAL,ONIONS AND POTATOES,ONIONS DRY,YELLOW,2 lb bag,791,1.27,Jan,7,44,0,990.75
2014-01-24 00:00:00,NATIONAL,ONIONS AND POTATOES,ONIONS DRY,YELLOW,2 lb bag,1007,1.29,Jan,4,40,0.1375,1013.875
2014-01-31 00:00:00,NATIONAL,ONIONS AND POTATOES,ONIONS DRY,YELLOW,2 lb bag,654,1.23,,,,,
2014-02-07 00:00:00,NATIONAL,ONIONS AND POTATOES,ONIONS DRY,YELLOW,2 lb bag,442,1.23,Feb,7,44,0.35,987.875
2014-02-07 00:00:00,NATIONAL,ONIONS AND POTATOES,ONIONS DRY,YELLOW,2 lb bag,18,2.99,Feb,7,44,0.35,987.875
2014-02-14 00:00:00,NATIONAL,ONIONS AND POTATOES,ONIONS DRY,YELLOW,2 lb bag,451,1.71,Feb,6,42,0.6625,991.25
2014-02-21 00:00:00,NATIONAL,ONIONS AND POTATOES,ONIONS DRY,YELLOW,2 lb bag,260,1.26,Feb,5,41,0,1003.25
2014-02-28 00:00:00,NATIONAL,ONIONS AND POTATOES,ONIONS DRY,YELLOW,2 lb bag,202,1.12,Feb,4,39,0.4,998.875
2014-03-07 00:00:00,NATIONAL,ONIONS AND POTATOES,ONIONS DRY,YELLOW,2 lb bag,431,1.86,Mar,9,49,0,1023.125
2014-03-14 00:00:00,NATIONAL,ONIONS AND POTATOES,ONIONS DRY,YELLOW,2 lb bag,438,1.06,Mar,9,48,0,1027.375
2014-03-21 00:00:00,NATIONAL,ONIONS AND POTATOES,ONIONS DRY,YELLOW,2 lb bag,237,1.4,Mar,8,46,0.0375,1005.75
2014-03-28 00:00:00,NATIONAL,ONIONS AND POTATOES,ONIONS DRY,YELLOW,2 lb bag,88,1.66,Mar,7,45,0,1014.75
2014-04-04 00:00:00,NATIONAL,ONIONS AND POTATOES,ONIONS DRY,YELLOW,2 lb bag,237,1.66,Apr,12,53,0,1007.625
2014-04-11 00:00:00,NATIONAL,ONIONS AND POTATOES,ONIONS DRY,YELLOW,2 lb bag,224,1.43,Apr,11,52,0,1021.25
2014-04-18 00:00:00,NATIONAL,ONIONS AND POTATOES,ONIONS DRY,YELLOW,2 lb bag,449,1.55,Apr,8,46,0,1020.375
2014-04-25 00:00:00,NATIONAL,ONIONS AND POTATOES,ONIONS DRY,YELLOW,2 lb bag,123,1.28,Apr,10,51,0.4,1011.5
2014-05-02 00:00:00,NATIONAL,ONIONS AND POTATOES,ONIONS DRY,YELLOW,2 lb bag,265,1.4,May,9,49,0,1022.25
2014-05-09 00:00:00,NATIONAL,ONIONS AND POTATOES,ONIONS DRY,YELLOW,2 lb bag,75,1.29,May,12,54,0,1010.875
2014-05-16 00:00:00,NATIONAL,ONIONS AND POTATOES,ONIONS DRY,YELLOW,2 lb bag,236,1.21,May,15,58,0,1031.75
2014-05-23 00:00:00,NATIONAL,ONIONS AND POTATOES,ONIONS DRY,YELLOW,2 lb bag,222,1.11,May,13,55,0.025,1005.125
2014-05-30 00:00:00,NATIONAL,ONIONS AND POTATOES,ONIONS DRY,YELLOW,2 lb bag,446,1.97,,,,,
2014-06-06 00:00:00,NATIONAL,ONIONS AND POTATOES,ONIONS DRY,YELLOW,2 lb bag,371,1.15,Jun,15,59,0,1013.25
2014-06-13 00:00:00,NATIONAL,ONIONS AND POTATOES,ONIONS DRY,YELLOW,2 lb bag,521,1.43,Jun,19,66,0,1024.625
2014-06-20 00:00:00,NATIONAL,ONIONS AND POTATOES,ONIONS DRY,YELLOW,2 lb bag,297,1.36,Jun,15,60,0,1022.375
2014-06-27 00:00:00,NATIONAL,ONIONS AND POTATOES,ONIONS DRY,YELLOW,2 lb bag,423,1.85,Jun,16,61,0.0375,1012.5
2014-07-04 00:00:00,NATIONAL,ONIONS AND POTATOES,ONIONS DRY,YELLOW,2 lb bag,96,1.43,Jul,19,66,0,1008.5
2014-07-11 00:00:00,NATIONAL,ONIONS AND POTATOES,ONIONS DRY,YELLOW,2 lb bag,198,1.44,Jul,15,59,0.3625,1017.5
2014-07-18 00:00:00,NATIONAL,ONIONS AND POTATOES,ONIONS DRY,YELLOW,2 lb bag,741,1.46,Jul,23,73,0,1013.625
2014-07-25 00:00:00,NATIONAL,ONIONS AND POTATOES,ONIONS DRY,YELLOW,2 lb bag,1793,1.15,Jul,20,68,0.025,1016.75
2014-08-01 00:00:00,NATIONAL,ONIONS AND POTATOES,ONIONS DRY,YELLOW,2 lb bag,755,1.43,Aug,19,66,0.0125,1009.25
2014-08-08 00:00:00,NATIONAL,ONIONS AND POTATOES,ONIONS DRY,YELLOW,2 lb bag,227,1.28,Aug,19,66,0.8625,1008.375
2014-08-15 00:00:00,NATIONAL,ONIONS AND POTATOES,ONIONS DRY,YELLOW,2 lb bag,479,1.07,Aug,15,59,0.025,1015.25
2014-08-22 00:00:00,NATIONAL,ONIONS AND POTATOES,ONIONS DRY,YELLOW,2 lb bag,495,1.7,Aug,15,58,0,1010.5
2014-08-29 00:00:00,NATIONAL,ONIONS AND POTATOES,ONIONS DRY,YELLOW,2 lb bag,818,1.37,,,,,
2014-09-05 00:00:00,NATIONAL,ONIONS AND POTATOES,ONIONS DRY,YELLOW,2 lb bag,526,1.44,Sep,17,63,0,1015.875
2014-09-12 00:00:00,NATIONAL,ONIONS AND POTATOES,ONIONS DRY,YELLOW,2 lb bag,987,1.12,Sep,16,61,0,1024.125
2014-09-19 00:00:00,NATIONAL,ONIONS AND POTATOES,ONIONS DRY,YELLOW,2 lb bag,571,1.38,Sep,19,65,0.375,1011
2014-09-19 00:00:00,NATIONAL,ONIONS AND POTATOES,ONIONS DRY,YELLOW,2 lb bag,25,2.99,Sep,19,65,0.375,1011
2014-09-26 00:00:00,NATIONAL,ONIONS AND POTATOES,ONIONS DRY,YELLOW,2 lb bag,592,1.22,Sep,17,62,0,1023.125
2014-10-03 00:00:00,NATIONAL,ONIONS AND POTATOES,ONIONS DRY,YELLOW,2 lb bag,850,1.16,Oct,15,60,0,1022.125
2014-10-10 00:00:00,NATIONAL,ONIONS AND POTATOES,ONIONS DRY,YELLOW,2 lb bag,335,1.39,Oct,13,55,0.0625,1009.375
2014-10-17 00:00:00,NATIONAL,ONIONS AND POTATOES,ONIONS DRY,YELLOW,2 lb bag,501,0.98,Oct,15,59,0.15,1009.375
2014-10-17 00:00:00,NATIONAL,ONIONS AND POTATOES,ONIONS DRY,YELLOW,2 lb bag,84,2.99,Oct,15,59,0.15,1009.375
2014-10-24 00:00:00,NATIONAL,ONIONS AND POTATOES,ONIONS DRY,YELLOW,2 lb bag,538,1.27,Oct,14,58,0.2,1014.25
2014-10-31 00:00:00,NATIONAL,ONIONS AND POTATOES,ONIONS DRY,YELLOW,2 lb bag,583,1.16,,,,,
2014-11-07 00:00:00,NATIONAL,ONIONS AND POTATOES,ONIONS DRY,YELLOW,2 lb bag,816,1.04,Nov,11,51,0.375,993.875
2014-11-07 00:00:00,NATIONAL,ONIONS AND POTATOES,ONIONS DRY,YELLOW,2 lb bag,107,2.29,Nov,11,51,0.375,993.875
2014-11-14 00:00:00,NATIONAL,ONIONS AND POTATOES,ONIONS DRY,YELLOW,2 lb bag,583,1.34,Nov,11,52,0.425,999.875
2014-11-21 00:00:00,NATIONAL,ONIONS AND POTATOES,ONIONS DRY,YELLOW,2 lb bag,692,1.09,Nov,7,44,0.2375,1018.375
2014-11-28 00:00:00,NATIONAL,ONIONS AND POTATOES,ONIONS DRY,YELLOW,2 lb bag,480,1.11,Nov,10,49,0.025,1002.875
2014-12-05 00:00:00,NATIONAL,ONIONS AND POTATOES,ONIONS DRY,YELLOW,2 lb bag,544,0.95,Dec,3,37,0,1019.125
2014-12-05 00:00:00,NATIONAL,ONIONS AND POTATOES,ONIONS DRY,YELLOW,2 lb bag,19,2.41,Dec,3,37,0,1019.125
2014-12-12 00:00:00,NATIONAL,ONIONS AND POTATOES,ONIONS DRY,YELLOW,2 lb bag,616,1.07,Dec,7,44,0.3375,997
2014-12-12 00:00:00,NATIONAL,ONIONS AND POTATOES,ONIONS DRY,YELLOW,2 lb bag,9,1.99,Dec,7,44,0.3375,997
2014-12-19 00:00:00,NATIONAL,ONIONS AND POTATOES,ONIONS DRY,YELLOW,2 lb bag,706,1.67,Dec,8,47,0.075,1014.5
2015-01-09 00:00:00,NATIONAL,ONIONS AND POTATOES,ONIONS DRY,YELLOW,2 lb bag,500,1,Jan,10,50,0,1019.5
2015-01-16 00:00:00,NATIONAL,ONIONS AND POTATOES,ONIONS DRY,YELLOW,2 lb bag,407,0.97,Jan,4,39,0,1003.375
2015-01-23 00:00:00,NATIONAL,ONIONS AND POTATOES,ONIONS DRY,YELLOW,2 lb bag,752,1.03,Jan,2,36,0.0875,1024.25
2015-01-23 00:00:00,NATIONAL,ONIONS AND POTATOES,ONIONS DRY,YELLOW,2 lb bag,106,2.29,Jan,2,36,0.0875,1024.25
2015-01-30 00:00:00,NATIONAL,ONIONS AND POTATOES,ONIONS DRY,YELLOW,2 lb bag,739,1.04,,,,,
2015-01-30 00:00:00,NATIONAL,ONIONS AND POTATOES,ONIONS DRY,YELLOW,2 lb bag,7,1.49,,,,,
2015-02-06 00:00:00,NATIONAL,ONIONS AND POTATOES,ONIONS DRY,YELLOW,2 lb bag,324,1.23,Feb,1,34,0,1030.75
2015-02-06 00:00:00,NATIONAL,ONIONS AND POTATOES,ONIONS DRY,YELLOW,2 lb bag,190,2.35,Feb,1,34,0,1030.75
2015-02-13 00:00:00,NATIONAL,ONIONS AND POTATOES,ONIONS DRY,YELLOW,2 lb bag,556,1.16,Feb,6,43,0.1625,1005
2015-02-20 00:00:00,NATIONAL,ONIONS AND POTATOES,ONIONS DRY,YELLOW,2 lb bag,878,1.01,Feb,5,42,0.175,1006.25
2015-02-27 00:00:00,NATIONAL,ONIONS AND POTATOES,ONIONS DRY,YELLOW,2 lb bag,552,1.24,Feb,4,39,0,1019
2015-03-06 00:00:00,NATIONAL,ONIONS AND POTATOES,ONIONS DRY,YELLOW,2 lb bag,733,0.97,Mar,6,43,0,1034.375
2015-03-13 00:00:00,NATIONAL,ONIONS AND POTATOES,ONIONS DRY,YELLOW,2 lb bag,669,0.89,Mar,7,44,0,1020.5
2015-03-13 00:00:00,NATIONAL,ONIONS AND POTATOES,ONIONS DRY,YELLOW,2 lb bag,72,1.99,Mar,7,44,0,1020.5
2015-03-20 00:00:00,NATIONAL,ONIONS AND POTATOES,ONIONS DRY,YELLOW,2 lb bag,284,1.21,Mar,6,44,0,1026.875
2015-03-27 00:00:00,NATIONAL,ONIONS AND POTATOES,ONIONS DRY,YELLOW,2 lb bag,502,0.93,Mar,7,44,0,1018.875
2015-04-03 00:00:00,NATIONAL,ONIONS AND POTATOES,ONIONS DRY,YELLOW,2 lb bag,816,1.19,Apr,9,49,0.2375,1016.5
2015-04-03 00:00:00,NATIONAL,ONIONS AND POTATOES,ONIONS DRY,YELLOW,2 lb bag,147,2.53,Apr,9,49,0.2375,1016.5
2015-04-10 00:00:00,NATIONAL,ONIONS AND POTATOES,ONIONS DRY,YELLOW,2 lb bag,271,1.12,Apr,12,53,0.0125,1018.125
2015-04-17 00:00:00,NATIONAL,ONIONS AND POTATOES,ONIONS DRY,YELLOW,2 lb bag,607,1.39,Apr,9,48,0,1020.125
2015-04-24 00:00:00,NATIONAL,ONIONS AND POTATOES,ONIONS DRY,YELLOW,2 lb bag,269,1.19,Apr,12,53,0,1011.875
2015-04-24 00:00:00,NATIONAL,ONIONS AND POTATOES,ONIONS DRY,YELLOW,2 lb bag,11,1.99,Apr,12,53,0,1011.875
2015-05-01 00:00:00,NATIONAL,ONIONS AND POTATOES,ONIONS DRY,YELLOW,2 lb bag,327,0.99,May,7,45,0,1010.875
2015-05-01 00:00:00,NATIONAL,ONIONS AND POTATOES,ONIONS DRY,YELLOW,2 lb bag,47,3.57,May,7,45,0,1010.875
2015-05-08 00:00:00,NATIONAL,ONIONS AND POTATOES,ONIONS DRY,YELLOW,2 lb bag,173,0.82,May,12,54,0.025,1013.5
2015-05-08 00:00:00,NATIONAL,ONIONS AND POTATOES,ONIONS DRY,YELLOW,2 lb bag,80,3.32,May,12,54,0.025,1013.5
2015-05-15 00:00:00,NATIONAL,ONIONS AND POTATOES,ONIONS DRY,YELLOW,2 lb bag,420,1.4,May,11,52,0,1020.625
2015-05-22 00:00:00,NATIONAL,ONIONS AND POTATOES,ONIONS DRY,YELLOW,2 lb bag,381,1.62,May,13,55,0,1025.25
2015-05-22 00:00:00,NATIONAL,ONIONS AND POTATOES,ONIONS DRY,YELLOW,2 lb bag,73,3.49,May,13,55,0,1025.25
2015-05-29 00:00:00,NATIONAL,ONIONS AND POTATOES,ONIONS DRY,YELLOW,2 lb bag,544,1,,,,,
2015-05-29 00:00:00,NATIONAL,ONIONS AND POTATOES,ONIONS DRY,YELLOW,2 lb bag,114,3.49,,,,,
2015-06-05 00:00:00,NATIONAL,ONIONS AND POTATOES,ONIONS DRY,YELLOW,2 lb bag,589,1.2,Jun,18,64,0.05,1016.25
2015-06-12 00:00:00,NATIONAL,ONIONS AND POTATOES,ONIONS DRY,YELLOW,2 lb bag,270,1.08,Jun,17,63,0.3375,1009.625
2015-06-19 00:00:00,NATIONAL,ONIONS AND POTATOES,ONIONS DRY,YELLOW,2 lb bag,245,1.32,Jun,14,57,0,1022
2015-06-26 00:00:00,NATIONAL,ONIONS AND POTATOES,ONIONS DRY,YELLOW,2 lb bag,328,1.74,Jun,18,65,0.075,1017.5
2015-07-03 00:00:00,NATIONAL,ONIONS AND POTATOES,ONIONS DRY,YELLOW,2 lb bag,98,1.59,Jul,19,66,0,1023.125
2015-07-10 00:00:00,NATIONAL,ONIONS AND POTATOES,ONIONS DRY,YELLOW,2 lb bag,162,1.15,Jul,19,66,0,1020.125
2015-07-17 00:00:00,NATIONAL,ONIONS AND POTATOES,ONIONS DRY,YELLOW,2 lb bag,210,1.82,Jul,18,64,0.0875,1011.875
2015-07-17 00:00:00,NATIONAL,ONIONS AND POTATOES,ONIONS DRY,YELLOW,2 lb bag,74,2.49,Jul,18,64,0.0875,1011.875
2015-07-24 00:00:00,NATIONAL,ONIONS AND POTATOES,ONIONS DRY,YELLOW,2 lb bag,569,1.49,Jul,14,57,1.6,1009.875
2015-07-24 00:00:00,NATIONAL,ONIONS AND POTATOES,ONIONS DRY,YELLOW,2 lb bag,74,2.49,Jul,14,57,1.6,1009.875
2015-07-31 00:00:00,NATIONAL,ONIONS AND POTATOES,ONIONS DRY,YELLOW,2 lb bag,496,1.45,,,,,
2015-07-31 00:00:00,NATIONAL,ONIONS AND POTATOES,ONIONS DRY,YELLOW,2 lb bag,19,1.99,,,,,
2015-08-07 00:00:00,NATIONAL,ONIONS AND POTATOES,ONIONS DRY,YELLOW,2 lb bag,182,1.51,Aug,18,65,0,1017.75
2015-08-14 00:00:00,NATIONAL,ONIONS AND POTATOES,ONIONS DRY,YELLOW,2 lb bag,235,1.25,Aug,18,65,0.575,1005.875
2015-08-14 00:00:00,NATIONAL,ONIONS AND POTATOES,ONIONS DRY,YELLOW,2 lb bag,91,2.91,Aug,18,65,0.575,1005.875
2015-08-21 00:00:00,NATIONAL,ONIONS AND POTATOES,ONIONS DRY,YELLOW,2 lb bag,607,1.15,Aug,21,69,0,1020
2015-08-28 00:00:00,NATIONAL,ONIONS AND POTATOES,ONIONS DRY,YELLOW,2 lb bag,347,1.42,Aug,16,60,0,1016.125
2015-08-28 00:00:00,NATIONAL,ONIONS AND POTATOES,ONIONS DRY,YELLOW,2 lb bag,74,2.49,Aug,16,60,0,1016.125
2015-09-04 00:00:00,NATIONAL,ONIONS AND POTATOES,ONIONS DRY,YELLOW,2 lb bag,828,1.16,Sep,12,54,0.05,1019.25
2015-09-04 00:00:00,NATIONAL,ONIONS AND POTATOES,ONIONS DRY,YELLOW,2 lb bag,74,2.49,Sep,12,54,0.05,1019.25
2015-09-11 00:00:00,NATIONAL,ONIONS AND POTATOES,ONIONS DRY,YELLOW,2 lb bag,974,1.32,Sep,16,61,0,1015.125
2015-09-11 00:00:00,NATIONAL,ONIONS AND POTATOES,ONIONS DRY,YELLOW,2 lb bag,8,1.99,Sep,16,61,0,1015.125
2015-09-18 00:00:00,NATIONAL,ONIONS AND POTATOES,ONIONS DRY,YELLOW,2 lb bag,467,1.2,Sep,14,57,0.125,1014
2015-09-25 00:00:00,NATIONAL,ONIONS AND POTATOES,ONIONS DRY,YELLOW,2 lb bag,566,1.22,Sep,13,56,0,1022.625
2015-09-25 00:00:00,NATIONAL,ONIONS AND POTATOES,ONIONS DRY,YELLOW,2 lb bag,73,2.99,Sep,13,56,0,1022.625
2015-10-02 00:00:00,NATIONAL,ONIONS AND POTATOES,ONIONS DRY,YELLOW,2 lb bag,731,1.02,Oct,13,56,0,1024.625
2015-10-02 00:00:00,NATIONAL,ONIONS AND POTATOES,ONIONS DRY,YELLOW,2 lb bag,106,2.49,Oct,13,56,0,1024.625
2015-10-09 00:00:00,NATIONAL,ONIONS AND POTATOES,ONIONS DRY,YELLOW,2 lb bag,631,1.03,Oct,12,54,0,1022.875
2015-10-09 00:00:00,NATIONAL,ONIONS AND POTATOES,ONIONS DRY,YELLOW,2 lb bag,44,3.99,Oct,12,54,0,1022.875
2015-10-16 00:00:00,NATIONAL,ONIONS AND POTATOES,ONIONS DRY,YELLOW,2 lb bag,685,1.04,Oct,11,52,0,1021
2015-10-23 00:00:00,NATIONAL,ONIONS AND POTATOES,ONIONS DRY,YELLOW,2 lb bag,496,1.15,Oct,11,51,0,1022.25
2015-10-23 00:00:00,NATIONAL,ONIONS AND POTATOES,ONIONS DRY,YELLOW,2 lb bag,175,1.98,Oct,11,51,0,1022.25
2015-10-30 00:00:00,NATIONAL,ONIONS AND POTATOES,ONIONS DRY,YELLOW,2 lb bag,608,1,,,,,
2015-10-30 00:00:00,NATIONAL,ONIONS AND POTATOES,ONIONS DRY,YELLOW,2 lb bag,11,1.99,,,,,
2015-11-06 00:00:00,NATIONAL,ONIONS AND POTATOES,ONIONS DRY,YELLOW,2 lb bag,298,1.06,Nov,15,59,0.1875,1014.875
2015-11-13 00:00:00,NATIONAL,ONIONS AND POTATOES,ONIONS DRY,YELLOW,2 lb bag,712,1.02,Nov,10,49,0,1020.25
2015-11-13 00:00:00,NATIONAL,ONIONS AND POTATOES,ONIONS DRY,YELLOW,2 lb bag,8,3.99,Nov,10,49,0,1020.25
2015-11-20 00:00:00,NATIONAL,ONIONS AND POTATOES,ONIONS DRY,YELLOW,2 lb bag,495,1.18,Nov,7,45,0,1009.125
2015-11-27 00:00:00,NATIONAL,ONIONS AND POTATOES,ONIONS DRY,YELLOW,2 lb bag,303,1.05,Nov,10,50,0.075,1011.375
2015-12-04 00:00:00,NATIONAL,ONIONS AND POTATOES,ONIONS DRY,YELLOW,2 lb bag,956,1.16,Dec,9,49,0.0625,1025.75
2015-12-04 00:00:00,NATIONAL,ONIONS AND POTATOES,ONIONS DRY,YELLOW,2 lb bag,106,2.49,Dec,9,49,0.0625,1025.75
2015-12-11 00:00:00,NATIONAL,ONIONS AND POTATOES,ONIONS DRY,YELLOW,2 lb bag,560,1.67,Dec,9,47,0.0875,1021.5
2015-12-11 00:00:00,NATIONAL,ONIONS AND POTATOES,ONIONS DRY,YELLOW,2 lb bag,8,1.69,Dec,9,47,0.0875,1021.5
2015-12-18 00:00:00,NATIONAL,ONIONS AND POTATOES,ONIONS DRY,YELLOW,2 lb bag,661,1.21,Dec,8,47,0.025,1014.75
2015-12-18 00:00:00,NATIONAL,ONIONS AND POTATOES,ONIONS DRY,YELLOW,2 lb bag,114,2.43,Dec,8,47,0.025,1014.75
2016-01-08 00:00:00,NATIONAL,ONIONS AND POTATOES,ONIONS DRY,YELLOW,2 lb bag,612,1.23,Jan,6,42,0.0125,999.375
2016-01-08 00:00:00,NATIONAL,ONIONS AND POTATOES,ONIONS DRY,YELLOW,2 lb bag,106,2.49,Jan,6,42,0.0125,999.375
2016-01-15 00:00:00,NATIONAL,ONIONS AND POTATOES,ONIONS DRY,YELLOW,2 lb bag,899,1.25,Jan,2,35,0,1018.875
2016-01-15 00:00:00,NATIONAL,ONIONS AND POTATOES,ONIONS DRY,YELLOW,2 lb bag,39,2.99,Jan,2,35,0,1018.875
2016-01-22 00:00:00,NATIONAL,ONIONS AND POTATOES,ONIONS DRY,YELLOW,2 lb bag,979,1.12,Jan,6,43,0.3125,1017.875
2016-01-22 00:00:00,NATIONAL,ONIONS AND POTATOES,ONIONS DRY,YELLOW,2 lb bag,125,2.39,Jan,6,43,0.3125,1017.875
2016-01-29 00:00:00,NATIONAL,ONIONS AND POTATOES,ONIONS DRY,YELLOW,2 lb bag,1041,1.07,,,,,
2016-01-29 00:00:00,NATIONAL,ONIONS AND POTATOES,ONIONS DRY,YELLOW,2 lb bag,7,2.5,,,,,
2016-02-05 00:00:00,NATIONAL,ONIONS AND POTATOES,ONIONS DRY,YELLOW,2 lb bag,478,1.02,Feb,9,49,0,1019.375
2016-02-05 00:00:00,NATIONAL,ONIONS AND POTATOES,ONIONS DRY,YELLOW,2 lb bag,106,2.49,Feb,9,49,0,1019.375
2016-02-12 00:00:00,NATIONAL,ONIONS AND POTATOES,ONIONS DRY,YELLOW,2 lb bag,514,1.37,Feb,4,38,0.0375,996.5
2016-02-19 00:00:00,NATIONAL,ONIONS AND POTATOES,ONIONS DRY,YELLOW,2 lb bag,680,1.38,Feb,5,41,0.0375,1016.125
2016-02-26 00:00:00,NATIONAL,ONIONS AND POTATOES,ONIONS DRY,YELLOW,2 lb bag,820,1.31,Feb,3,37,0,1011
2016-02-26 00:00:00,NATIONAL,ONIONS AND POTATOES,ONIONS DRY,YELLOW,2 lb bag,7,1.49,Feb,3,37,0,1011
2016-03-04 00:00:00,NATIONAL,ONIONS AND POTATOES,ONIONS DRY,YELLOW,2 lb bag,779,1.4,Mar,4,40,0.2375,991.5
2016-03-04 00:00:00,NATIONAL,ONIONS AND POTATOES,ONIONS DRY,YELLOW,2 lb bag,124,2.39,Mar,4,40,0.2375,991.5
2016-03-11 00:00:00,NATIONAL,ONIONS AND POTATOES,ONIONS DRY,YELLOW,2 lb bag,278,1.35,Mar,4,40,0,1027.5
2016-03-11 00:00:00,NATIONAL,ONIONS AND POTATOES,ONIONS DRY,YELLOW,2 lb bag,15,1.83,Mar,4,40,0,1027.5
2016-03-18 00:00:00,NATIONAL,ONIONS AND POTATOES,ONIONS DRY,YELLOW,2 lb bag,794,1.31,Mar,4,40,0,1026.375
2016-03-25 00:00:00,NATIONAL,ONIONS AND POTATOES,ONIONS DRY,YELLOW,2 lb bag,484,1.33,Mar,9,49,0.15,1013
2016-03-25 00:00:00,NATIONAL,ONIONS AND POTATOES,ONIONS DRY,YELLOW,2 lb bag,8,1.59,Mar,9,49,0.15,1013
2016-04-01 00:00:00,NATIONAL,ONIONS AND POTATOES,ONIONS DRY,YELLOW,2 lb bag,931,1.19,Apr,7,45,0,1018.875
2016-04-08 00:00:00,NATIONAL,ONIONS AND POTATOES,ONIONS DRY,YELLOW,2 lb bag,461,1.58,Apr,8,47,0,1010.875
2016-04-08 00:00:00,NATIONAL,ONIONS AND POTATOES,ONIONS DRY,YELLOW,2 lb bag,7,1.49,Apr,8,47,0,1010.875
2016-04-15 00:00:00,NATIONAL,ONIONS AND POTATOES,ONIONS DRY,YELLOW,2 lb bag,312,1.87,Apr,9,48,0.5,1018.5
2016-04-15 00:00:00,NATIONAL,ONIONS AND POTATOES,ONIONS DRY,YELLOW,2 lb bag,7,1.69,Apr,9,48,0.5,1018.5
2016-04-22 00:00:00,NATIONAL,ONIONS AND POTATOES,ONIONS DRY,YELLOW,2 lb bag,238,1.26,Apr,8,47,0.15,1021.125
2016-04-22 00:00:00,NATIONAL,ONIONS AND POTATOES,ONIONS DRY,YELLOW,2 lb bag,121,2.37,Apr,8,47,0.15,1021.125
2016-04-29 00:00:00,NATIONAL,ONIONS AND POTATOES,ONIONS DRY,YELLOW,2 lb bag,483,1.09,,,,,
2016-04-29 00:00:00,NATIONAL,ONIONS AND POTATOES,ONIONS DRY,YELLOW,2 lb bag,106,2.49,,,,,
2016-05-06 00:00:00,NATIONAL,ONIONS AND POTATOES,ONIONS DRY,YELLOW,2 lb bag,268,1.07,May,15,58,0,1011.5
2016-05-06 00:00:00,NATIONAL,ONIONS AND POTATOES,ONIONS DRY,YELLOW,2 lb bag,7,1.5,May,15,58,0,1011.5
2016-05-13 00:00:00,NATIONAL,ONIONS AND POTATOES,ONIONS DRY,YELLOW,2 lb bag,186,1.42,May,12,54,0,1009.5
2016-05-20 00:00:00,NATIONAL,ONIONS AND POTATOES,ONIONS DRY,YELLOW,2 lb bag,237,1.48,May,13,55,0,1017.625
2016-05-27 00:00:00,NATIONAL,ONIONS AND POTATOES,ONIONS DRY,YELLOW,2 lb bag,335,1.96,May,12,54,0,1017
2016-06-03 00:00:00,NATIONAL,ONIONS AND POTATOES,ONIONS DRY,YELLOW,2 lb bag,224,2.21,Jun,11,52,0,1017.375
2016-06-10 00:00:00,NATIONAL,ONIONS AND POTATOES,ONIONS DRY,YELLOW,2 lb bag,232,1.83,Jun,15,59,0,1014.375
2016-06-17 00:00:00,NATIONAL,ONIONS AND POTATOES,ONIONS DRY,YELLOW,2 lb bag,185,1.51,Jun,14,58,0.3625,1007
2016-06-17 00:00:00,NATIONAL,ONIONS AND POTATOES,ONIONS DRY,YELLOW,2 lb bag,135,2.99,Jun,14,58,0.3625,1007
2016-06-24 00:00:00,NATIONAL,ONIONS AND POTATOES,ONIONS DRY,YELLOW,2 lb bag,415,1.07,Jun,16,61,0.05,1017.5
2016-07-01 00:00:00,NATIONAL,ONIONS AND POTATOES,ONIONS DRY,YELLOW,2 lb bag,354,1.17,Jul,15,59,0.0375,1008.875
2016-07-08 00:00:00,NATIONAL,ONIONS AND POTATOES,ONIONS DRY,YELLOW,2 lb bag,405,1.42,Jul,17,63,0,1016.375
2016-07-15 00:00:00,NATIONAL,ONIONS AND POTATOES,ONIONS DRY,YELLOW,2 lb bag,457,1.5,Jul,16,60,0,1026.25
2016-07-22 00:00:00,NATIONAL,ONIONS AND POTATOES,ONIONS DRY,YELLOW,2 lb bag,419,1.31,Jul,19,65,0,1016
2016-07-29 00:00:00,NATIONAL,ONIONS AND POTATOES,ONIONS DRY,YELLOW,2 lb bag,719,1.42,,,,,
2016-08-05 00:00:00,NATIONAL,ONIONS AND POTATOES,ONIONS DRY,YELLOW,2 lb bag,486,1.34,Aug,17,63,0,1019.375
2016-08-12 00:00:00,NATIONAL,ONIONS AND POTATOES,ONIONS DRY,YELLOW,2 lb bag,207,1.64,Aug,19,65,0,1023.375
2016-08-19 00:00:00,NATIONAL,ONIONS AND POTATOES,ONIONS DRY,YELLOW,2 lb bag,559,1.26,Aug,16,62,0.0875,1007.125
2016-08-26 00:00:00,NATIONAL,ONIONS AND POTATOES,ONIONS DRY,YELLOW,2 lb bag,760,1.15,Aug,21,69,0.0125,1017.375
2016-09-02 00:00:00,NATIONAL,ONIONS AND POTATOES,ONIONS DRY,YELLOW,2 lb bag,881,1.29,Sep,16,61,0.0375,1019
2016-09-09 00:00:00,NATIONAL,ONIONS AND POTATOES,ONIONS DRY,YELLOW,2 lb bag,633,1.08,Sep,18,64,0,1014.75
2016-09-16 00:00:00,NATIONAL,ONIONS AND POTATOES,ONIONS DRY,YELLOW,2 lb bag,892,1.17,Sep,16,60,0.6625,1012
2016-09-23 00:00:00,NATIONAL,ONIONS AND POTATOES,ONIONS DRY,YELLOW,2 lb bag,718,1,Sep,14,57,0,1024.125
2016-09-30 00:00:00,NATIONAL,ONIONS AND POTATOES,ONIONS DRY,YELLOW,2 lb bag,2224,1.47,,,,,
2016-10-07 00:00:00,NATIONAL,ONIONS AND POTATOES,ONIONS DRY,YELLOW,2 lb bag,565,1.24,Oct,13,55,0.0125,1022.625
2016-10-14 00:00:00,NATIONAL,ONIONS AND POTATOES,ONIONS DRY,YELLOW,2 lb bag,974,1.47,Oct,11,52,0,1006.25
2016-10-21 00:00:00,NATIONAL,ONIONS AND POTATOES,ONIONS DRY,YELLOW,2 lb bag,841,1.41,Oct,9,48,0,1019.75
2016-10-28 00:00:00,NATIONAL,ONIONS AND POTATOES,ONIONS DRY,YELLOW,2 lb bag,863,1.11,Oct,13,55,0,1033.25
2016-10-28 00:00:00,NATIONAL,ONIONS AND POTATOES,ONIONS DRY,YELLOW,2 lb bag,74,1.99,Oct,13,55,0,1033.25
2016-11-04 00:00:00,NATIONAL,ONIONS AND POTATOES,ONIONS DRY,YELLOW,2 lb bag,721,1.23,Nov,8,46,0.2875,1009.875
2016-11-11 00:00:00,NATIONAL,ONIONS AND POTATOES,ONIONS DRY,YELLOW,2 lb bag,526,1.57,Nov,5,41,0,1020.25
2016-11-18 00:00:00,NATIONAL,ONIONS AND POTATOES,ONIONS DRY,YELLOW,2 lb bag,765,1.11,Nov,5,40,0,995.125
2016-11-25 00:00:00,NATIONAL,ONIONS AND POTATOES,ONIONS DRY,YELLOW,2 lb bag,360,1.06,Nov,7,44,0,1021.875
2016-12-02 00:00:00,NATIONAL,ONIONS AND POTATOES,ONIONS DRY,YELLOW,2 lb bag,1150,1.18,Dec,4,40,0,1026.75
2016-12-09 00:00:00,NATIONAL,ONIONS AND POTATOES,ONIONS DRY,YELLOW,2 lb bag,939,1.06,Dec,12,53,0,1025.5
2016-12-16 00:00:00,NATIONAL,ONIONS AND POTATOES,ONIONS DRY,YELLOW,2 lb bag,906,1.14,Dec,9,48,0,1024.5
2016-12-23 00:00:00,NATIONAL,ONIONS AND POTATOES,ONIONS DRY,YELLOW,2 lb bag,898,1.07,Dec,8,46,0.0125,1026.125
2016-12-23 00:00:00,NATIONAL,ONIONS AND POTATOES,ONIONS DRY,YELLOW,2 lb bag,12,2.99,Dec,8,46,0.0125,1026.125
2016-12-30 00:00:00,NATIONAL,ONIONS AND POTATOES,ONIONS DRY,YELLOW,2 lb bag,657,0.9,,,,,
2017-01-06 00:00:00,NATIONAL,ONIONS AND POTATOES,ONIONS DRY,YELLOW,2 lb bag,924,1.05,Jan,3,37,0.1,1035.875
2017-01-13 00:00:00,NATIONAL,ONIONS AND POTATOES,ONIONS DRY,YELLOW,2 lb bag,495,1.16,Jan,2,35,0.0625,1007.5
2017-01-20 00:00:00,NATIONAL,ONIONS AND POTATOES,ONIONS DRY,YELLOW,2 lb bag,722,1.09,Jan,2,35,0,1033.75
2017-01-27 00:00:00,NATIONAL,ONIONS AND POTATOES,ONIONS DRY,YELLOW,2 lb bag,747,1.03,Jan,3,37,0,1011.125
2017-02-03 00:00:00,NATIONAL,ONIONS AND POTATOES,ONIONS DRY,YELLOW,2 lb bag,855,1.32,Feb,7,45,0.05,995.375
2017-02-10 00:00:00,NATIONAL,ONIONS AND POTATOES,ONIONS DRY,YELLOW,2 lb bag,242,1.22,Feb,1,35,0.0125,1023.875
2017-02-17 00:00:00,NATIONAL,ONIONS AND POTATOES,ONIONS DRY,YELLOW,2 lb bag,749,1.24,Feb,8,46,0.0375,1028
2017-02-24 00:00:00,NATIONAL,ONIONS AND POTATOES,ONIONS DRY,YELLOW,2 lb bag,803,0.99,Feb,5,41,0,1014.875
2017-03-03 00:00:00,NATIONAL,ONIONS AND POTATOES,ONIONS DRY,YELLOW,2 lb bag,1094,1.28,Mar,7,45,0.1,999.875
2017-03-10 00:00:00,NATIONAL,ONIONS AND POTATOES,ONIONS DRY,YELLOW,2 lb bag,923,1.59,Mar,9,47,0,1025.25
2017-03-10 00:00:00,NATIONAL,ONIONS AND POTATOES,ONIONS DRY,YELLOW,2 lb bag,168,1.99,Mar,9,47,0,1025.25
2017-03-17 00:00:00,NATIONAL,ONIONS AND POTATOES,ONIONS DRY,YELLOW,2 lb bag,706,1.03,Mar,7,45,0,1017.625
2017-03-24 00:00:00,NATIONAL,ONIONS AND POTATOES,ONIONS DRY,YELLOW,2 lb bag,662,1.03,Mar,8,46,0,1027.25
2017-03-31 00:00:00,NATIONAL,ONIONS AND POTATOES,ONIONS DRY,YELLOW,2 lb bag,1256,1.11,,,,,
2017-04-07 00:00:00,NATIONAL,ONIONS AND POTATOES,ONIONS DRY,YELLOW,2 lb bag,600,1.64,Apr,10,51,0,1027.125
2017-04-14 00:00:00,NATIONAL,ONIONS AND POTATOES,ONIONS DRY,YELLOW,2 lb bag,682,1.07,Apr,10,50,0.05,1016.875
2017-04-21 00:00:00,NATIONAL,ONIONS AND POTATOES,ONIONS DRY,YELLOW,2 lb bag,816,1.17,Apr,11,51,0,1032
2017-04-28 00:00:00,NATIONAL,ONIONS AND POTATOES,ONIONS DRY,YELLOW,2 lb bag,773,1.04,Apr,9,48,0.0375,1016.875
2017-04-28 00:00:00,NATIONAL,ONIONS AND POTATOES,ONIONS DRY,YELLOW,2 lb bag,12,2.99,Apr,9,48,0.0375,1016.875
2017-05-05 00:00:00,NATIONAL,ONIONS AND POTATOES,ONIONS DRY,YELLOW,2 lb bag,707,1.02,May,10,50,0,1021.125
2017-05-12 00:00:00,NATIONAL,ONIONS AND POTATOES,ONIONS DRY,YELLOW,2 lb bag,511,1.4,May,13,56,0.2375,997.375
2017-05-19 00:00:00,NATIONAL,ONIONS AND POTATOES,ONIONS DRY,YELLOW,2 lb bag,461,1.12,May,11,53,0.375,1011.625
2017-05-26 00:00:00,NATIONAL,ONIONS AND POTATOES,ONIONS DRY,YELLOW,2 lb bag,241,1.01,May,18,65,0,1018.25
2017-06-02 00:00:00,NATIONAL,ONIONS AND POTATOES,ONIONS DRY,YELLOW,2 lb bag,655,1.46,Jun,18,65,0.4125,1016.25
2017-06-09 00:00:00,NATIONAL,ONIONS AND POTATOES,ONIONS DRY,YELLOW,2 lb bag,547,1.34,Jun,15,59,0,1011.25
2017-06-16 00:00:00,NATIONAL,ONIONS AND POTATOES,ONIONS DRY,YELLOW,2 lb bag,309,1.12,Jun,16,61,0,1023.5
2017-06-23 00:00:00,NATIONAL,ONIONS AND POTATOES,ONIONS DRY,YELLOW,2 lb bag,524,1.2,Jun,17,63,0,1015.875
2017-06-30 00:00:00,NATIONAL,ONIONS AND POTATOES,ONIONS DRY,YELLOW,2 lb bag,316,1.03,,,,,
2017-07-07 00:00:00,NATIONAL,ONIONS AND POTATOES,ONIONS DRY,YELLOW,2 lb bag,509,1.36,Jul,21,70,0,1015.875
2017-07-14 00:00:00,NATIONAL,ONIONS AND POTATOES,ONIONS DRY,YELLOW,2 lb bag,377,1.16,Jul,16,61,0,1019.75
2017-07-21 00:00:00,NATIONAL,ONIONS AND POTATOES,ONIONS DRY,YELLOW,2 lb bag,273,1.02,Jul,19,65,0,1009.25
2017-07-28 00:00:00,NATIONAL,ONIONS AND POTATOES,ONIONS DRY,YELLOW,2 lb bag,383,1.2,Jul,17,63,0,1008.5
2017-08-04 00:00:00,NATIONAL,ONIONS AND POTATOES,ONIONS DRY,YELLOW,2 lb bag,573,1.27,Aug,18,65,0,1011.125
2017-08-11 00:00:00,NATIONAL,ONIONS AND POTATOES,ONIONS DRY,YELLOW,2 lb bag,609,1.44,Aug,17,63,0,1019.125
2017-08-18 00:00:00,NATIONAL,ONIONS AND POTATOES,ONIONS DRY,YELLOW,2 lb bag,860,1.31,Aug,17,63,0.0375,1011.25
2017-08-25 00:00:00,NATIONAL,ONIONS AND POTATOES,ONIONS DRY,YELLOW,2 lb bag,958,1.46,Aug,19,67,0,1017.5
2017-09-01 00:00:00,NATIONAL,ONIONS AND POTATOES,ONIONS DRY,YELLOW,2 lb bag,403,1.16,Sep,16,62,0,1021.375
2017-09-08 00:00:00,NATIONAL,ONIONS AND POTATOES,ONIONS DRY,YELLOW,2 lb bag,734,1.18,Sep,16,62,0.025,1000.25
2017-09-15 00:00:00,NATIONAL,ONIONS AND POTATOES,ONIONS DRY,YELLOW,2 lb bag,497,1.32,Sep,13,55,0.075,1012.875
2017-09-22 00:00:00,NATIONAL,ONIONS AND POTATOES,ONIONS DRY,YELLOW,2 lb bag,783,1.49,Sep,14,58,0,1021
2017-09-29 00:00:00,NATIONAL,ONIONS AND POTATOES,ONIONS DRY,YELLOW,2 lb bag,929,1.05,,,,,
2017-10-06 00:00:00,NATIONAL,ONIONS AND POTATOES,ONIONS DRY,YELLOW,2 lb bag,921,1.15,Oct,12,53,0,1024.25
2017-10-13 00:00:00,NATIONAL,ONIONS AND POTATOES,ONIONS DRY,YELLOW,2 lb bag,641,1.24,Oct,16,61,0,1022
2017-10-13 00:00:00,NATIONAL,ONIONS AND POTATOES,ONIONS DRY,YELLOW,2 lb bag,3,1.88,Oct,16,61,0,1022
2017-10-20 00:00:00,NATIONAL,ONIONS AND POTATOES,ONIONS DRY,YELLOW,2 lb bag,886,1.4,Oct,14,57,0.0875,1004.125
2017-10-27 00:00:00,NATIONAL,ONIONS AND POTATOES,ONIONS DRY,YELLOW,2 lb bag,1024,1.07,Oct,12,54,0,1031.875
2017-11-03 00:00:00,NATIONAL,ONIONS AND POTATOES,ONIONS DRY,YELLOW,2 lb bag,880,1.34,Nov,12,53,0.025,1013.75
2017-11-10 00:00:00,NATIONAL,ONIONS AND POTATOES,ONIONS DRY,YELLOW,2 lb bag,429,1.01,Nov,10,50,0,1019.75
2017-11-17 00:00:00,NATIONAL,ONIONS AND POTATOES,ONIONS DRY,YELLOW,2 lb bag,1318,1.29,Nov,6,43,0,1028.625
2017-11-24 00:00:00,NATIONAL,ONIONS AND POTATOES,ONIONS DRY,YELLOW,2 lb bag,607,1.21,Nov,6,44,0.0125,1010.25
2017-12-01 00:00:00,NATIONAL,ONIONS AND POTATOES,ONIONS DRY,YELLOW,2 lb bag,731,1,Dec,4,39,0,1019.625
2017-12-08 00:00:00,NATIONAL,ONIONS AND POTATOES,ONIONS DRY,YELLOW,2 lb bag,142,1.17,Dec,4,39,0,1014.75
2017-12-15 00:00:00,NATIONAL,ONIONS AND POTATOES,ONIONS DRY,YELLOW,2 lb bag,225,1.22,Dec,4,39,0.125,997.125
2017-12-22 00:00:00,NATIONAL,ONIONS AND POTATOES,ONIONS DRY,YELLOW,2 lb bag,531,1.22,Dec,9,48,0.0375,1035.25
2017-12-22 00:00:00,NATIONAL,ONIONS AND POTATOES,ONIONS DRY,YELLOW,2 lb bag,11,2.5,Dec,9,48,0.0375,1035.25
2017-12-29 00:00:00,NATIONAL,ONIONS AND POTATOES,ONIONS DRY,YELLOW,2 lb bag,216,1.04,,,,,
2017-12-29 00:00:00,NATIONAL,ONIONS AND POTATOES,ONIONS DRY,YELLOW,2 lb bag,11,2.5,,,,,
2018-01-05 00:00:00,NATIONAL,ONIONS AND POTATOES,ONIONS DRY,YELLOW,2 lb bag,702,1.17,Jan,7,44,0.0375,994.5
2018-01-05 00:00:00,NATIONAL,ONIONS AND POTATOES,ONIONS DRY,YELLOW,2 lb bag,13,3.53,Jan,7,44,0.0375,994.5
2018-01-12 00:00:00,NATIONAL,ONIONS AND POTATOES,ONIONS DRY,YELLOW,2 lb bag,936,1.14,Jan,7,44,0,1025.375
2018-01-12 00:00:00,NATIONAL,ONIONS AND POTATOES,ONIONS DRY,YELLOW,2 lb bag,7,3.99,Jan,7,44,0,1025.375
2018-01-19 00:00:00,NATIONAL,ONIONS AND POTATOES,ONIONS DRY,YELLOW,2 lb bag,998,1.39,Jan,4,39,0,1008.5
2018-01-26 00:00:00,NATIONAL,ONIONS AND POTATOES,ONIONS DRY,YELLOW,2 lb bag,511,1.68,Jan,5,41,0,1017.5
2018-02-02 00:00:00,NATIONAL,ONIONS AND POTATOES,ONIONS DRY,YELLOW,2 lb bag,205,1.28,Feb,5,40,0,1010
2018-02-09 00:00:00,NATIONAL,ONIONS AND POTATOES,ONIONS DRY,YELLOW,2 lb bag,244,1.2,Feb,5,41,0.4375,1009.875
2018-02-16 00:00:00,NATIONAL,ONIONS AND POTATOES,ONIONS DRY,YELLOW,2 lb bag,951,1.24,Feb,5,41,0,1024
2018-02-23 00:00:00,NATIONAL,ONIONS AND POTATOES,ONIONS DRY,YELLOW,2 lb bag,651,1.62,Feb,3,37,0,1021.375
2018-03-02 00:00:00,NATIONAL,ONIONS AND POTATOES,ONIONS DRY,YELLOW,2 lb bag,830,1.01,Mar,-1,31,0.25,993.375
2018-03-16 00:00:00,NATIONAL,ONIONS AND POTATOES,ONIONS DRY,YELLOW,2 lb bag,513,1.59,Mar,10,50,0.0375,998.125
2018-03-16 00:00:00,NATIONAL,ONIONS AND POTATOES,ONIONS DRY,YELLOW,2 lb bag,192,1.58,Mar,10,50,0.0375,998.125
2018-03-23 00:00:00,NATIONAL,ONIONS AND POTATOES,ONIONS DRY,YELLOW,2 lb bag,90,1.34,Mar,9,48,0.0125,1001.875
2018-03-30 00:00:00,NATIONAL,ONIONS AND POTATOES,ONIONS DRY,YELLOW,2 lb bag,327,1.25,,,,,
2018-04-06 00:00:00,NATIONAL,ONIONS AND POTATOES,ONIONS DRY,YELLOW,2 lb bag,300,1.07,Apr,10,50,0,1011.375
2018-04-06 00:00:00,NATIONAL,ONIONS AND POTATOES,ONIONS DRY,YELLOW,2 lb bag,5,2.99,Apr,10,50,0,1011.375
2018-04-13 00:00:00,NATIONAL,ONIONS AND POTATOES,ONIONS DRY,YELLOW,2 lb bag,535,1.06,Apr,10,50,0,1007.25
2018-04-13 00:00:00,NATIONAL,ONIONS AND POTATOES,ONIONS DRY,YELLOW,2 lb bag,199,2.13,Apr,10,50,0,1007.25
2018-04-20 00:00:00,NATIONAL,ONIONS AND POTATOES,ONIONS DRY,YELLOW,2 lb bag,550,1.08,Apr,19,67,0,1023.25
2018-04-20 00:00:00,NATIONAL,ONIONS AND POTATOES,ONIONS DRY,YELLOW,2 lb bag,1,3.09,Apr,19,67,0,1023.25
2018-04-27 00:00:00,NATIONAL,ONIONS AND POTATOES,ONIONS DRY,YELLOW,2 lb bag,638,1.49,Apr,10,50,0.575,1008
2018-05-04 00:00:00,NATIONAL,ONIONS AND POTATOES,ONIONS DRY,YELLOW,2 lb bag,591,1.14,May,15,58,0,1023.375
2018-05-11 00:00:00,NATIONAL,ONIONS AND POTATOES,ONIONS DRY,YELLOW,2 lb bag,230,2.23,May,14,57,0,1016
2018-05-18 00:00:00,NATIONAL,ONIONS AND POTATOES,ONIONS DRY,YELLOW,2 lb bag,321,1.12,May,12,54,0,1025.875
2018-05-25 00:00:00,NATIONAL,ONIONS AND POTATOES,ONIONS DRY,YELLOW,2 lb bag,379,1.53,May,17,63,0.2,1017.875
2018-06-01 00:00:00,NATIONAL,ONIONS AND POTATOES,ONIONS DRY,YELLOW,2 lb bag,116,1.34,Jun,19,67,0.0625,1017.875
2018-06-08 00:00:00,NATIONAL,ONIONS AND POTATOES,ONIONS DRY,YELLOW,2 lb bag,567,1.36,Jun,18,64,0,1017
2018-06-15 00:00:00,NATIONAL,ONIONS AND POTATOES,ONIONS DRY,YELLOW,2 lb bag,87,1.54,Jun,18,64,0,1016.375
2018-06-22 00:00:00,NATIONAL,ONIONS AND POTATOES,ONIONS DRY,YELLOW,2 lb bag,110,1.26,Jun,17,63,0,1030.375
2018-06-29 00:00:00,NATIONAL,ONIONS AND POTATOES,ONIONS DRY,YELLOW,2 lb bag,251,2.21,,,,,
2018-07-06 00:00:00,NATIONAL,ONIONS AND POTATOES,ONIONS DRY,YELLOW,2 lb bag,50,1.19,Jul,24,76,0,1020.625
2018-07-13 00:00:00,NATIONAL,ONIONS AND POTATOES,ONIONS DRY,YELLOW,2 lb bag,175,1.48,Jul,21,70,0.3375,1022.375
2018-07-20 00:00:00,NATIONAL,ONIONS AND POTATOES,ONIONS DRY,YELLOW,2 lb bag,124,1.41,Jul,22,71,0.175,1014.75
2018-07-27 00:00:00,NATIONAL,ONIONS AND POTATOES,ONIONS DRY,YELLOW,2 lb bag,47,1.37,Jul,25,77,0.1125,1009.875
2018-08-03 00:00:00,NATIONAL,ONIONS AND POTATOES,ONIONS DRY,YELLOW,2 lb bag,83,1.18,Aug,26,79,0,1022.125
2018-08-10 00:00:00,NATIONAL,ONIONS AND POTATOES,ONIONS DRY,YELLOW,2 lb bag,238,1.61,Aug,16,61,0.4,1018
2018-08-17 00:00:00,NATIONAL,ONIONS AND POTATOES,ONIONS DRY,YELLOW,2 lb bag,788,1.53,Aug,18,64,0,1019.375
2018-08-24 00:00:00,NATIONAL,ONIONS AND POTATOES,ONIONS DRY,YELLOW,2 lb bag,533,1.26,Aug,16,60,0.0375,1013.375
2018-08-31 00:00:00,NATIONAL,ONIONS AND POTATOES,ONIONS DRY,YELLOW,2 lb bag,546,1.83,,,,,
2018-09-07 00:00:00,NATIONAL,ONIONS AND POTATOES,ONIONS DRY,YELLOW,2 lb bag,589,1.19,Sep,15,59,0,1015.75
2018-09-14 00:00:00,NATIONAL,ONIONS AND POTATOES,ONIONS DRY,YELLOW,2 lb bag,275,1.44,Sep,16,60,0.0125,1020.875
2018-09-21 00:00:00,NATIONAL,ONIONS AND POTATOES,ONIONS DRY,YELLOW,2 lb bag,907,1.68,Sep,15,59,0.15,1007.75
2018-09-28 00:00:00,NATIONAL,ONIONS AND POTATOES,ONIONS DRY,YELLOW,2 lb bag,556,1.57,Sep,14,57,0,1029.25
2018-09-28 00:00:00,NATIONAL,ONIONS AND POTATOES,ONIONS DRY,YELLOW,2 lb bag,12,1.99,Sep,14,57,0,1029.25
2018-10-05 00:00:00,NATIONAL,ONIONS AND POTATOES,ONIONS DRY,YELLOW,2 lb bag,734,1.24,Oct,16,61,0,1015.625
2018-10-05 00:00:00,NATIONAL,ONIONS AND POTATOES,ONIONS DRY,YELLOW,2 lb bag,12,1.99,Oct,16,61,0,1015.625
2018-10-12 00:00:00,NATIONAL,ONIONS AND POTATOES,ONIONS DRY,YELLOW,2 lb bag,728,1.45,Oct,19,65,0.0375,1009.875
2018-10-19 00:00:00,NATIONAL,ONIONS AND POTATOES,ONIONS DRY,YELLOW,2 lb bag,637,1.09,Oct,12,54,0,1026.375
2018-10-19 00:00:00,NATIONAL,ONIONS AND POTATOES,ONIONS DRY,YELLOW,2 lb bag,171,1.99,Oct,12,54,0,1026.375
2018-10-26 00:00:00,NATIONAL,ONIONS AND POTATOES,ONIONS DRY,YELLOW,2 lb bag,932,1.08,Oct,9,49,0.0375,1011.5
2018-11-02 00:00:00,NATIONAL,ONIONS AND POTATOES,ONIONS DRY,YELLOW,2 lb bag,504,1.18,Nov,7,45,0,1023
2018-11-02 00:00:00,NATIONAL,ONIONS AND POTATOES,ONIONS DRY,YELLOW,2 lb bag,39,2.99,Nov,7,45,0,1023
2018-11-09 00:00:00,NATIONAL,ONIONS AND POTATOES,ONIONS DRY,YELLOW,2 lb bag,639,1.46,Nov,11,52,0.1625,1005.625
2018-11-16 00:00:00,NATIONAL,ONIONS AND POTATOES,ONIONS DRY,YELLOW,2 lb bag,546,1.24,Nov,11,52,0,1024.5
2018-11-16 00:00:00,NATIONAL,ONIONS AND POTATOES,ONIONS DRY,YELLOW,2 lb bag,12,1.99,Nov,11,52,0,1024.5
2018-11-23 00:00:00,NATIONAL,ONIONS AND POTATOES,ONIONS DRY,YELLOW,2 lb bag,551,1.2,Nov,7,45,0,1014.375
2018-11-23 00:00:00,NATIONAL,ONIONS AND POTATOES,ONIONS DRY,YELLOW,2 lb bag,12,1.99,Nov,7,45,0,1014.375
2018-11-30 00:00:00,NATIONAL,ONIONS AND POTATOES,ONIONS DRY,YELLOW,2 lb bag,673,1.31,,,,,
2018-12-07 00:00:00,NATIONAL,ONIONS AND POTATOES,ONIONS DRY,YELLOW,2 lb bag,446,1.24,Dec,11,52,0.5,1004.25
2018-12-07 00:00:00,NATIONAL,ONIONS AND POTATOES,ONIONS DRY,YELLOW,2 lb bag,251,1.99,Dec,11,52,0.5,1004.25
2018-12-14 00:00:00,NATIONAL,ONIONS AND POTATOES,ONIONS DRY,YELLOW,2 lb bag,244,1.32,Dec,3,37,0,1022.625
2018-12-21 00:00:00,NATIONAL,ONIONS AND POTATOES,ONIONS DRY,YELLOW,2 lb bag,612,1.63,Dec,11,52,0.3875,1001.625
2018-12-28 00:00:00,NATIONAL,ONIONS AND POTATOES,ONIONS DRY,YELLOW,2 lb bag,686,1.1,Dec,7,44,0,1030
2019-01-04 00:00:00,NATIONAL,ONIONS AND POTATOES,ONIONS DRY,YELLOW,2 lb bag,591,1.54,Jan,2,35,0,1041.875
2019-01-04 00:00:00,NATIONAL,ONIONS AND POTATOES,ONIONS DRY,YELLOW,2 lb bag,518,3,Jan,2,35,0,1041.875
2019-01-11 00:00:00,NATIONAL,ONIONS AND POTATOES,ONIONS DRY,YELLOW,2 lb bag,449,1.32,Jan,6,43,0,1029.75
2019-01-11 00:00:00,NATIONAL,ONIONS AND POTATOES,ONIONS DRY,YELLOW,2 lb bag,80,1.99,Jan,6,43,0,1029.75
2019-01-18 00:00:00,NATIONAL,ONIONS AND POTATOES,ONIONS DRY,YELLOW,2 lb bag,1000,1.09,Jan,3,37,0,1016.625
2019-01-25 00:00:00,NATIONAL,ONIONS AND POTATOES,ONIONS DRY,YELLOW,2 lb bag,133,1.43,Jan,6,42,0,1013.75
2019-01-25 00:00:00,NATIONAL,ONIONS AND POTATOES,ONIONS DRY,YELLOW,2 lb bag,1,3.19,Jan,6,42,0,1013.75
2019-02-01 00:00:00,NATIONAL,ONIONS AND POTATOES,ONIONS DRY,YELLOW,2 lb bag,461,1.26,Feb,2,36,0.4125,986.875
2019-02-08 00:00:00,NATIONAL,ONIONS AND POTATOES,ONIONS DRY,YELLOW,2 lb bag,307,1.23,Feb,10,49,0.3375,1000.25
2019-02-15 00:00:00,NATIONAL,ONIONS AND POTATOES,ONIONS DRY,YELLOW,2 lb bag,313,1.39,Feb,8,46,0,1027.125
2019-02-22 00:00:00,NATIONAL,ONIONS AND POTATOES,ONIONS DRY,YELLOW,2 lb bag,403,1.3,Feb,9,49,0,1034.25
2019-03-01 00:00:00,NATIONAL,ONIONS AND POTATOES,ONIONS DRY,YELLOW,2 lb bag,498,1.34,Mar,10,50,0.0375,1017.875
2019-03-08 00:00:00,NATIONAL,ONIONS AND POTATOES,ONIONS DRY,YELLOW,2 lb bag,747,1.25,Mar,8,47,0.0125,1009.75
2019-03-15 00:00:00,NATIONAL,ONIONS AND POTATOES,ONIONS DRY,YELLOW,2 lb bag,461,1.23,Mar,12,54,0.0875,1007
2019-03-15 00:00:00,NATIONAL,ONIONS AND POTATOES,ONIONS DRY,YELLOW,2 lb bag,186,1.99,Mar,12,54,0.0875,1007
2019-03-22 00:00:00,NATIONAL,ONIONS AND POTATOES,ONIONS DRY,YELLOW,2 lb bag,825,1.17,Mar,11,51,0,1028.75
2019-03-22 00:00:00,NATIONAL,ONIONS AND POTATOES,ONIONS DRY,YELLOW,2 lb bag,82,2.99,Mar,11,51,0,1028.75
2019-03-29 00:00:00,NATIONAL,ONIONS AND POTATOES,ONIONS DRY,YELLOW,2 lb bag,422,1.2,,,,,
2019-04-05 00:00:00,NATIONAL,ONIONS AND POTATOES,ONIONS DRY,YELLOW,2 lb bag,572,1.62,Apr,10,50,0,1002.5
2019-04-05 00:00:00,NATIONAL,ONIONS AND POTATOES,ONIONS DRY,YELLOW,2 lb bag,82,2.99,Apr,10,50,0,1002.5
2019-04-12 00:00:00,NATIONAL,ONIONS AND POTATOES,ONIONS DRY,YELLOW,2 lb bag,393,1.91,Apr,7,45,0,1026.75
2019-04-12 00:00:00,NATIONAL,ONIONS AND POTATOES,ONIONS DRY,YELLOW,2 lb bag,52,2.99,Apr,7,45,0,1026.75
2019-04-19 00:00:00,NATIONAL,ONIONS AND POTATOES,ONIONS DRY,YELLOW,2 lb bag,164,1.54,Apr,15,60,0,1028
2019-04-26 00:00:00,NATIONAL,ONIONS AND POTATOES,ONIONS DRY,YELLOW,2 lb bag,364,1.62,Apr,12,54,0.1375,1009.375
2019-05-03 00:00:00,NATIONAL,ONIONS AND POTATOES,ONIONS DRY,YELLOW,2 lb bag,132,1.6,May,11,51,0.1625,1014.75
2019-05-10 00:00:00,NATIONAL,ONIONS AND POTATOES,ONIONS DRY,YELLOW,2 lb bag,147,1.26,May,12,53,0.0375,1009.25
2019-05-10 00:00:00,NATIONAL,ONIONS AND POTATOES,ONIONS DRY,YELLOW,2 lb bag,6,2.99,May,12,53,0.0375,1009.25
2019-05-17 00:00:00,NATIONAL,ONIONS AND POTATOES,ONIONS DRY,YELLOW,2 lb bag,371,1.03,May,12,54,0.0375,1009.25
2019-05-24 00:00:00,NATIONAL,ONIONS AND POTATOES,ONIONS DRY,YELLOW,2 lb bag,243,1.84,May,17,63,0,1016.875
2019-05-31 00:00:00,NATIONAL,ONIONS AND POTATOES,ONIONS DRY,YELLOW,2 lb bag,181,1.45,,,,,
2019-05-31 00:00:00,NATIONAL,ONIONS AND POTATOES,ONIONS DRY,YELLOW,2 lb bag,207,2.07,,,,,
2019-06-07 00:00:00,NATIONAL,ONIONS AND POTATOES,ONIONS DRY,YELLOW,2 lb bag,104,1.62,Jun,14,58,0.625,1002.625
2019-06-14 00:00:00,NATIONAL,ONIONS AND POTATOES,ONIONS DRY,YELLOW,2 lb bag,338,1.07,Jun,15,60,0.025,1010.125
2019-06-21 00:00:00,NATIONAL,ONIONS AND POTATOES,ONIONS DRY,YELLOW,2 lb bag,74,1.14,Jun,17,62,0,1019.125
2019-06-28 00:00:00,NATIONAL,ONIONS AND POTATOES,ONIONS DRY,YELLOW,2 lb bag,45,1.75,Jun,17,63,0,1024.25
2019-07-05 00:00:00,NATIONAL,ONIONS AND POTATOES,ONIONS DRY,YELLOW,2 lb bag,357,1.86,Jul,21,71,0,1018.75
2019-07-05 00:00:00,NATIONAL,ONIONS AND POTATOES,ONIONS DRY,YELLOW,2 lb bag,48,3.99,Jul,21,71,0,1018.75
2019-07-12 00:00:00,NATIONAL,ONIONS AND POTATOES,ONIONS DRY,YELLOW,2 lb bag,328,2.19,Jul,20,69,0,1014.625
2019-07-26 00:00:00,NATIONAL,ONIONS AND POTATOES,ONIONS DRY,YELLOW,2 lb bag,197,1.57,Jul,24,74,0.0125,1010.25
2019-08-02 00:00:00,NATIONAL,ONIONS AND POTATOES,ONIONS DRY,YELLOW,2 lb bag,208,2.41,Aug,20,68,0,1019
2019-08-09 00:00:00,NATIONAL,ONIONS AND POTATOES,ONIONS DRY,YELLOW,2 lb bag,17,2.36,Aug,21,70,0.425,1001.375
2019-08-16 00:00:00,NATIONAL,ONIONS AND POTATOES,ONIONS DRY,YELLOW,2 lb bag,528,1.82,Aug,17,62,0.15,1011.625
2019-08-23 00:00:00,NATIONAL,ONIONS AND POTATOES,ONIONS DRY,YELLOW,2 lb bag,545,1.9,Aug,21,69,0,1023.875
2019-08-30 00:00:00,NATIONAL,ONIONS AND POTATOES,ONIONS DRY,YELLOW,2 lb bag,648,1.59,,,,,
2019-09-06 00:00:00,NATIONAL,ONIONS AND POTATOES,ONIONS DRY,YELLOW,2 lb bag,633,1.51,Sep,15,58,0,1022
2019-09-06 00:00:00,NATIONAL,ONIONS AND POTATOES,ONIONS DRY,YELLOW,2 lb bag,12,1.99,Sep,15,58,0,1022
2019-09-13 00:00:00,NATIONAL,ONIONS AND POTATOES,ONIONS DRY,YELLOW,2 lb bag,594,1.31,Sep,18,64,0,1033.125
2019-09-13 00:00:00,NATIONAL,ONIONS AND POTATOES,ONIONS DRY,YELLOW,2 lb bag,12,1.99,Sep,18,64,0,1033.125
2019-09-20 00:00:00,NATIONAL,ONIONS AND POTATOES,ONIONS DRY,YELLOW,2 lb bag,796,1.48,Sep,16,61,0,1025.375
2019-09-20 00:00:00,NATIONAL,ONIONS AND POTATOES,ONIONS DRY,YELLOW,2 lb bag,12,1.99,Sep,16,61,0,1025.375
2019-09-27 00:00:00,NATIONAL,ONIONS AND POTATOES,ONIONS DRY,YELLOW,2 lb bag,858,1.23,Sep,16,61,0.1625,1004.125
2019-09-27 00:00:00,NATIONAL,ONIONS AND POTATOES,ONIONS DRY,YELLOW,2 lb bag,12,1.99,Sep,16,61,0.1625,1004.125
2019-10-04 00:00:00,NATIONAL,ONIONS AND POTATOES,ONIONS DRY,YELLOW,2 lb bag,767,1.55,Oct,14,57,0.1125,1005.375
2019-10-04 00:00:00,NATIONAL,ONIONS AND POTATOES,ONIONS DRY,YELLOW,2 lb bag,56,2.5,Oct,14,57,0.1125,1005.375
2019-10-11 00:00:00,NATIONAL,ONIONS AND POTATOES,ONIONS DRY,YELLOW,2 lb bag,619,1.26,Oct,16,61,0.35,1006.875
2019-10-18 00:00:00,NATIONAL,ONIONS AND POTATOES,ONIONS DRY,YELLOW,2 lb bag,790,1.03,Oct,13,55,0.2375,999.5
2019-10-18 00:00:00,NATIONAL,ONIONS AND POTATOES,ONIONS DRY,YELLOW,2 lb bag,600,3.03,Oct,13,55,0.2375,999.5
2019-10-25 00:00:00,NATIONAL,ONIONS AND POTATOES,ONIONS DRY,YELLOW,2 lb bag,653,1.18,Oct,13,56,0,1011.375
2019-10-25 00:00:00,NATIONAL,ONIONS AND POTATOES,ONIONS DRY,YELLOW,2 lb bag,12,1.99,Oct,13,56,0,1011.375
2019-11-01 00:00:00,NATIONAL,ONIONS AND POTATOES,ONIONS DRY,YELLOW,2 lb bag,416,1.17,Nov,13,56,0.2,1000.625
2019-11-08 00:00:00,NATIONAL,ONIONS AND POTATOES,ONIONS DRY,YELLOW,2 lb bag,972,1.07,Nov,7,44,0,1005.25
2019-11-08 00:00:00,NATIONAL,ONIONS AND POTATOES,ONIONS DRY,YELLOW,2 lb bag,46,2.55,Nov,7,44,0,1005.25
2019-11-15 00:00:00,NATIONAL,ONIONS AND POTATOES,ONIONS DRY,YELLOW,2 lb bag,286,1.59,Nov,6,44,0.125,1002.625
2019-11-22 00:00:00,NATIONAL,ONIONS AND POTATOES,ONIONS DRY,YELLOW,2 lb bag,661,1.25,Nov,9,48,0.0875,997.25
2019-11-22 00:00:00,NATIONAL,ONIONS AND POTATOES,ONIONS DRY,YELLOW,2 lb bag,470,2.98,Nov,9,48,0.0875,997.25
2019-11-29 00:00:00,NATIONAL,ONIONS AND POTATOES,ONIONS DRY,YELLOW,2 lb bag,618,1.22,,,,,
2019-11-29 00:00:00,NATIONAL,ONIONS AND POTATOES,ONIONS DRY,YELLOW,2 lb bag,12,2.49,,,,,
2019-12-06 00:00:00,NATIONAL,ONIONS AND POTATOES,ONIONS DRY,YELLOW,2 lb bag,474,0.98,Dec,11,51,0.125,1007.375
2019-12-13 00:00:00,NATIONAL,ONIONS AND POTATOES,ONIONS DRY,YELLOW,2 lb bag,405,1.3,Dec,7,45,0.4375,978.625
2019-12-13 00:00:00,NATIONAL,ONIONS AND POTATOES,ONIONS DRY,YELLOW,2 lb bag,502,2.5,Dec,7,45,0.4375,978.625
2019-12-20 00:00:00,NATIONAL,ONIONS AND POTATOES,ONIONS DRY,YELLOW,2 lb bag,488,1.17,Dec,9,48,0.8375,980.875
2019-12-20 00:00:00,NATIONAL,ONIONS AND POTATOES,ONIONS DRY,YELLOW,2 lb bag,20,2.39,Dec,9,48,0.8375,980.875
2019-12-27 00:00:00,NATIONAL,ONIONS AND POTATOES,ONIONS DRY,YELLOW,2 lb bag,492,1.21,Dec,8,46,0,1027.5
2019-12-27 00:00:00,NATIONAL,ONIONS AND POTATOES,ONIONS DRY,YELLOW,2 lb bag,12,1.99,Dec,8,46,0,1027.5
2020-01-03 00:00:00,NATIONAL,ONIONS AND POTATOES,ONIONS DRY,YELLOW,2 lb bag,825,1.26,Jan,8,46,0.175,1022
2020-01-10 00:00:00,NATIONAL,ONIONS AND POTATOES,ONIONS DRY,YELLOW,2 lb bag,928,1.64,Jan,7,44,0,1021.125
2020-01-17 00:00:00,NATIONAL,ONIONS AND POTATOES,ONIONS DRY,YELLOW,2 lb bag,926,1.07,Jan,7,44,0.025,1011.625
2020-01-24 00:00:00,NATIONAL,ONIONS AND POTATOES,ONIONS DRY,YELLOW,2 lb bag,856,1.12,Jan,7,44,0,1023.875
2020-01-31 00:00:00,NATIONAL,ONIONS AND POTATOES,ONIONS DRY,YELLOW,2 lb bag,615,1.09,,,,,
2020-02-07 00:00:00,NATIONAL,ONIONS AND POTATOES,ONIONS DRY,YELLOW,2 lb bag,620,1.61,Feb,5,42,0,1020.125
2020-02-07 00:00:00,NATIONAL,ONIONS AND POTATOES,ONIONS DRY,YELLOW,2 lb bag,80,2.99,Feb,5,42,0,1020.125
2020-02-14 00:00:00,NATIONAL,ONIONS AND POTATOES,ONIONS DRY,YELLOW,2 lb bag,842,1.58,Feb,7,45,0,1015.875
2020-02-14 00:00:00,NATIONAL,ONIONS AND POTATOES,ONIONS DRY,YELLOW,2 lb bag,80,2.49,Feb,7,45,0,1015.875
2020-02-21 00:00:00,NATIONAL,ONIONS AND POTATOES,ONIONS DRY,YELLOW,2 lb bag,732,1.37,Feb,7,44,0,1023.25
2020-02-28 00:00:00,NATIONAL,ONIONS AND POTATOES,ONIONS DRY,YELLOW,2 lb bag,1027,1.71,Feb,6,42,0.5125,1004.75
2020-02-28 00:00:00,NATIONAL,ONIONS AND POTATOES,ONIONS DRY,YELLOW,2 lb bag,9,2.99,Feb,6,42,0.5125,1004.75
2020-03-06 00:00:00,NATIONAL,ONIONS AND POTATOES,ONIONS DRY,YELLOW,2 lb bag,812,2.44,Mar,5,42,0,1003
2020-03-06 00:00:00,NATIONAL,ONIONS AND POTATOES,ONIONS DRY,YELLOW,2 lb bag,65,2.99,Mar,5,42,0,1003
2020-03-13 00:00:00,NATIONAL,ONIONS AND POTATOES,ONIONS DRY,YELLOW,2 lb bag,1001,1.07,Mar,8,46,0,1017.75
2020-03-20 00:00:00,NATIONAL,ONIONS AND POTATOES,ONIONS DRY,YELLOW,2 lb bag,283,1.44,Mar,6,44,0,1028.375
2020-03-27 00:00:00,NATIONAL,ONIONS AND POTATOES,ONIONS DRY,YELLOW,2 lb bag,246,1.2,Mar,8,46,0,1023.5
2020-04-03 00:00:00,NATIONAL,ONIONS AND POTATOES,ONIONS DRY,YELLOW,2 lb bag,345,1.55,Apr,8,46,0,1018.5
2020-04-03 00:00:00,NATIONAL,ONIONS AND POTATOES,ONIONS DRY,YELLOW,2 lb bag,1,3.29,Apr,8,46,0,1018.5
2020-04-10 00:00:00,NATIONAL,ONIONS AND POTATOES,ONIONS DRY,YELLOW,2 lb bag,194,1.77,Apr,15,59,0,1024.875
2020-04-10 00:00:00,NATIONAL,ONIONS AND POTATOES,ONIONS DRY,YELLOW,2 lb bag,10,2.12,Apr,15,59,0,1024.875
2020-04-17 00:00:00,NATIONAL,ONIONS AND POTATOES,ONIONS DRY,YELLOW,2 lb bag,146,1.72,Apr,11,51,0.275,1016.375
2020-04-24 00:00:00,NATIONAL,ONIONS AND POTATOES,ONIONS DRY,YELLOW,2 lb bag,1027,1.17,Apr,14,57,0,1016.125
2020-05-01 00:00:00,NATIONAL,ONIONS AND POTATOES,ONIONS DRY,YELLOW,2 lb bag,129,1.13,May,11,52,0.075,999.5
2020-05-08 00:00:00,NATIONAL,ONIONS AND POTATOES,ONIONS DRY,YELLOW,2 lb bag,92,1.04,May,17,63,0,1018.75
2020-05-15 00:00:00,NATIONAL,ONIONS AND POTATOES,ONIONS DRY,YELLOW,2 lb bag,60,1.31,May,12,53,0,1023.625
2020-05-22 00:00:00,NATIONAL,ONIONS AND POTATOES,ONIONS DRY,YELLOW,2 lb bag,320,1.39,May,17,63,0,1016.75
2020-05-29 00:00:00,NATIONAL,ONIONS AND POTATOES,ONIONS DRY,YELLOW,2 lb bag,218,1.22,,,,,
2020-06-05 00:00:00,NATIONAL,ONIONS AND POTATOES,ONIONS DRY,YELLOW,2 lb bag,328,1.05,Jun,13,55,0.0375,997
2020-06-12 00:00:00,NATIONAL,ONIONS AND POTATOES,ONIONS DRY,YELLOW,2 lb bag,78,1.18,Jun,17,62,0.1875,1005.625
2020-06-19 00:00:00,NATIONAL,ONIONS AND POTATOES,ONIONS DRY,YELLOW,2 lb bag,443,1.1,Jun,15,60,0.025,1014
2020-06-19 00:00:00,NATIONAL,ONIONS AND POTATOES,ONIONS DRY,YELLOW,2 lb bag,45,3.49,Jun,15,60,0.025,1014
2020-06-26 00:00:00,NATIONAL,ONIONS AND POTATOES,ONIONS DRY,YELLOW,2 lb bag,115,1.29,Jun,22,72,0.0375,1008.75
2020-07-10 00:00:00,NATIONAL,ONIONS AND POTATOES,ONIONS DRY,YELLOW,2 lb bag,288,1.16,Jul,16,61,0.025,1016.375
2020-07-10 00:00:00,NATIONAL,ONIONS AND POTATOES,ONIONS DRY,YELLOW,2 lb bag,45,2.49,Jul,16,61,0.025,1016.375
2020-07-17 00:00:00,NATIONAL,ONIONS AND POTATOES,ONIONS DRY,YELLOW,2 lb bag,284,1.63,Jul,21,71,0,1019.875
2020-07-24 00:00:00,NATIONAL,ONIONS AND POTATOES,ONIONS DRY,YELLOW,2 lb bag,80,1.24,Jul,20,68,0,1013.125
2020-07-24 00:00:00,NATIONAL,ONIONS AND POTATOES,ONIONS DRY,YELLOW,2 lb bag,1,2.69,Jul,20,68,0,1013.125
2020-07-31 00:00:00,NATIONAL,ONIONS AND POTATOES,ONIONS DRY,YELLOW,2 lb bag,254,1.57,,,,,
2020-08-07 00:00:00,NATIONAL,ONIONS AND POTATOES,ONIONS DRY,YELLOW,2 lb bag,233,1.3,Aug,27,80,0,1017.375
2020-08-14 00:00:00,NATIONAL,ONIONS AND POTATOES,ONIONS DRY,YELLOW,2 lb bag,332,1.3,Aug,20,69,0.35,1012.875
2020-08-21 00:00:00,NATIONAL,ONIONS AND POTATOES,ONIONS DRY,YELLOW,2 lb bag,482,1.8,Aug,20,68,0,1004.75
2020-08-28 00:00:00,NATIONAL,ONIONS AND POTATOES,ONIONS DRY,YELLOW,2 lb bag,176,1.52,Aug,16,61,0.4875,1000.875
2020-09-04 00:00:00,NATIONAL,ONIONS AND POTATOES,ONIONS DRY,YELLOW,2 lb bag,358,1.66,Sep,16,61,0.0375,1020.75
2020-09-11 00:00:00,NATIONAL,ONIONS AND POTATOES,ONIONS DRY,YELLOW,2 lb bag,319,1.5,Sep,16,61,0,1016.75
2020-09-11 00:00:00,NATIONAL,ONIONS AND POTATOES,ONIONS DRY,YELLOW,2 lb bag,56,2.99,Sep,16,61,0,1016.75
2020-09-18 00:00:00,NATIONAL,ONIONS AND POTATOES,ONIONS DRY,YELLOW,2 lb bag,993,1.44,Sep,16,61,0,1023.75
2020-09-25 00:00:00,NATIONAL,ONIONS AND POTATOES,ONIONS DRY,YELLOW,2 lb bag,567,1.18,Sep,11,52,0.0375,1004.75
2020-10-02 00:00:00,NATIONAL,ONIONS AND POTATOES,ONIONS DRY,YELLOW,2 lb bag,545,1.28,Oct,13,55,0.8125,993
2020-10-02 00:00:00,NATIONAL,ONIONS AND POTATOES,ONIONS DRY,YELLOW,2 lb bag,171,2.49,Oct,13,55,0.8125,993
2020-10-09 00:00:00,NATIONAL,ONIONS AND POTATOES,ONIONS DRY,YELLOW,2 lb bag,694,1.17,Oct,11,52,0.05,1018.5
2020-10-16 00:00:00,NATIONAL,ONIONS AND POTATOES,ONIONS DRY,YELLOW,2 lb bag,480,1.28,Oct,10,49,0,1023.75
2020-10-23 00:00:00,NATIONAL,ONIONS AND POTATOES,ONIONS DRY,YELLOW,2 lb bag,841,1.11,Oct,13,55,0.025,1009
2020-10-30 00:00:00,NATIONAL,ONIONS AND POTATOES,ONIONS DRY,YELLOW,2 lb bag,467,1,,,,,
2020-11-06 00:00:00,NATIONAL,ONIONS AND POTATOES,ONIONS DRY,YELLOW,2 lb bag,994,1.44,Nov,8,47,0,1029.5
2020-11-06 00:00:00,NATIONAL,ONIONS AND POTATOES,ONIONS DRY,YELLOW,2 lb bag,1,2.49,Nov,8,47,0,1029.5
2020-11-13 00:00:00,NATIONAL,ONIONS AND POTATOES,ONIONS DRY,YELLOW,2 lb bag,235,1.52,Nov,12,53,0,1013.75
2020-11-20 00:00:00,NATIONAL,ONIONS AND POTATOES,ONIONS DRY,YELLOW,2 lb bag,536,1.31,Nov,6,42,0.025,1033.875
2020-11-20 00:00:00,NATIONAL,ONIONS AND POTATOES,ONIONS DRY,YELLOW,2 lb bag,182,2.52,Nov,6,42,0.025,1033.875
2020-11-27 00:00:00,NATIONAL,ONIONS AND POTATOES,ONIONS DRY,YELLOW,2 lb bag,506,1.12,Nov,5,42,0,1018.875
2020-11-27 00:00:00,NATIONAL,ONIONS AND POTATOES,ONIONS DRY,YELLOW,2 lb bag,171,2.49,Nov,5,42,0,1018.875
2020-12-04 00:00:00,NATIONAL,ONIONS AND POTATOES,ONIONS DRY,YELLOW,2 lb bag,506,1.25,Dec,4,39,0.375,978.375
2020-12-04 00:00:00,NATIONAL,ONIONS AND POTATOES,ONIONS DRY,YELLOW,2 lb bag,171,2.49,Dec,4,39,0.375,978.375
2020-12-11 00:00:00,NATIONAL,ONIONS AND POTATOES,ONIONS DRY,YELLOW,2 lb bag,720,1.15,Dec,8,47,0.275,987.875
2020-12-11 00:00:00,NATIONAL,ONIONS AND POTATOES,ONIONS DRY,YELLOW,2 lb bag,171,2.49,Dec,8,47,0.275,987.875
2020-12-18 00:00:00,NATIONAL,ONIONS AND POTATOES,ONIONS DRY,YELLOW,2 lb bag,802,1.7,Dec,10,50,0.15,1010.5
2020-12-18 00:00:00,NATIONAL,ONIONS AND POTATOES,ONIONS DRY,YELLOW,2 lb bag,171,2.49,Dec,10,50,0.15,1010.5
2021-01-01 00:00:00,NATIONAL,ONIONS AND POTATOES,ONIONS DRY,YELLOW,2 lb bag,384,1.49,Jan,1,34,0.025,1012
2021-01-08 00:00:00,NATIONAL,ONIONS AND POTATOES,ONIONS DRY,YELLOW,2 lb bag,379,1.35,Jan,1,34,0,1017.625
2021-01-08 00:00:00,NATIONAL,ONIONS AND POTATOES,ONIONS DRY,YELLOW,2 lb bag,182,2.58,Jan,1,34,0,1017.625
2021-01-15 00:00:00,NATIONAL,ONIONS AND POTATOES,ONIONS DRY,YELLOW,2 lb bag,652,1.19,Jan,2,36,0,1028.375
2021-01-22 00:00:00,NATIONAL,ONIONS AND POTATOES,ONIONS DRY,YELLOW,2 lb bag,1025,1.73,Jan,4,39,0.025,991.25
2021-01-22 00:00:00,NATIONAL,ONIONS AND POTATOES,ONIONS DRY,YELLOW,2 lb bag,251,2.15,Jan,4,39,0.025,991.25
2021-01-29 00:00:00,NATIONAL,ONIONS AND POTATOES,ONIONS DRY,YELLOW,2 lb bag,478,1.32,,,,,
2021-02-05 00:00:00,NATIONAL,ONIONS AND POTATOES,ONIONS DRY,YELLOW,2 lb bag,645,1.23,Feb,7,45,0.075,1008.375
2021-02-05 00:00:00,NATIONAL,ONIONS AND POTATOES,ONIONS DRY,YELLOW,2 lb bag,183,2.52,Feb,7,45,0.075,1008.375
2021-02-12 00:00:00,NATIONAL,ONIONS AND POTATOES,ONIONS DRY,YELLOW,2 lb bag,137,1.63,Feb,-1,29,0,1029
2021-02-19 00:00:00,NATIONAL,ONIONS AND POTATOES,ONIONS DRY,YELLOW,2 lb bag,355,1.33,Feb,7,45,0,1007.875
2021-02-26 00:00:00,NATIONAL,ONIONS AND POTATOES,ONIONS DRY,YELLOW,2 lb bag,532,1.36,Feb,8,47,0,1036.5
2021-02-26 00:00:00,NATIONAL,ONIONS AND POTATOES,ONIONS DRY,YELLOW,2 lb bag,171,2.49,Feb,8,47,0,1036.5
2021-03-05 00:00:00,NATIONAL,ONIONS AND POTATOES,ONIONS DRY,YELLOW,2 lb bag,395,1.19,Mar,4,40,0,1031.5
2021-03-12 00:00:00,NATIONAL,ONIONS AND POTATOES,ONIONS DRY,YELLOW,2 lb bag,983,1.23,Mar,7,45,0.0125,1003.75
2021-03-19 00:00:00,NATIONAL,ONIONS AND POTATOES,ONIONS DRY,YELLOW,2 lb bag,232,1.13,Mar,8,46,0,1028.125
2021-03-26 00:00:00,NATIONAL,ONIONS AND POTATOES,ONIONS DRY,YELLOW,2 lb bag,260,1.35,Mar,8,47,0.1125,1009.25
2021-03-26 00:00:00,NATIONAL,ONIONS AND POTATOES,ONIONS DRY,YELLOW,2 lb bag,255,2.55,Mar,8,47,0.1125,1009.25
2021-04-02 00:00:00,NATIONAL,ONIONS AND POTATOES,ONIONS DRY,YELLOW,2 lb bag,194,1.57,Apr,7,45,0,1029.5
2021-04-02 00:00:00,NATIONAL,ONIONS AND POTATOES,ONIONS DRY,YELLOW,2 lb bag,186,1.99,Apr,7,45,0,1029.5
2021-04-09 00:00:00,NATIONAL,ONIONS AND POTATOES,ONIONS DRY,YELLOW,2 lb bag,510,1.66,Apr,8,46,0.05,1013.25
2021-04-09 00:00:00,NATIONAL,ONIONS AND POTATOES,ONIONS DRY,YELLOW,2 lb bag,198,2.1,Apr,8,46,0.05,1013.25
2021-04-16 00:00:00,NATIONAL,ONIONS AND POTATOES,ONIONS DRY,YELLOW,2 lb bag,583,1.5,Apr,7,44,0,1031.625
2021-04-16 00:00:00,NATIONAL,ONIONS AND POTATOES,ONIONS DRY,YELLOW,2 lb bag,186,1.99,Apr,7,44,0,1031.625
2021-04-23 00:00:00,NATIONAL,ONIONS AND POTATOES,ONIONS DRY,YELLOW,2 lb bag,385,1.25,Apr,9,49,0,1030.75
2021-04-30 00:00:00,NATIONAL,ONIONS AND POTATOES,ONIONS DRY,YELLOW,2 lb bag,329,1.21,,,,,
2021-04-30 00:00:00,NATIONAL,ONIONS AND POTATOES,ONIONS DRY,YELLOW,2 lb bag,216,2.7,,,,,
2021-05-07 00:00:00,NATIONAL,ONIONS AND POTATOES,ONIONS DRY,YELLOW,2 lb bag,147,1.48,May,10,49,0,1012.625
2021-05-14 00:00:00,NATIONAL,ONIONS AND POTATOES,ONIONS DRY,YELLOW,2 lb bag,169,1.41,May,10,50,0,1008.875
2021-05-14 00:00:00,NATIONAL,ONIONS AND POTATOES,ONIONS DRY,YELLOW,2 lb bag,171,2.49,May,10,50,0,1008.875
2021-05-21 00:00:00,NATIONAL,ONIONS AND POTATOES,ONIONS DRY,YELLOW,2 lb bag,259,1.16,May,10,51,0.175,999.375
2021-05-28 00:00:00,NATIONAL,ONIONS AND POTATOES,ONIONS DRY,YELLOW,2 lb bag,407,0.92,May,15,59,0,1024.25
2021-06-04 00:00:00,NATIONAL,ONIONS AND POTATOES,ONIONS DRY,YELLOW,2 lb bag,400,1.08,Jun,15,60,0.375,1024.25
2021-06-11 00:00:00,NATIONAL,ONIONS AND POTATOES,ONIONS DRY,YELLOW,2 lb bag,207,1.42,Jun,20,68,0,1020.5
2021-06-18 00:00:00,NATIONAL,ONIONS AND POTATOES,ONIONS DRY,YELLOW,2 lb bag,12,0.99,Jun,13,55,2.5375,1013.5
2021-06-18 00:00:00,NATIONAL,ONIONS AND POTATOES,ONIONS DRY,YELLOW,2 lb bag,69,2.99,Jun,13,55,2.5375,1013.5
2021-06-25 00:00:00,NATIONAL,ONIONS AND POTATOES,ONIONS DRY,YELLOW,2 lb bag,373,1.29,Jun,17,63,0.1,1020.25
2021-07-02 00:00:00,NATIONAL,ONIONS AND POTATOES,ONIONS DRY,YELLOW,2 lb bag,351,1.44,Jul,18,65,0.0125,1018.75
2021-07-02 00:00:00,NATIONAL,ONIONS AND POTATOES,ONIONS DRY,YELLOW,2 lb bag,45,2.99,Jul,18,65,0.0125,1018.75
2021-07-09 00:00:00,NATIONAL,ONIONS AND POTATOES,ONIONS DRY,YELLOW,2 lb bag,210,1.57,Jul,19,65,0.0125,1019.125
2021-07-16 00:00:00,NATIONAL,ONIONS AND POTATOES,ONIONS DRY,YELLOW,2 lb bag,367,1.89,Jul,19,66,0,1026.875
2021-07-16 00:00:00,NATIONAL,ONIONS AND POTATOES,ONIONS DRY,YELLOW,2 lb bag,24,2.99,Jul,19,66,0,1026.875
2021-07-23 00:00:00,NATIONAL,ONIONS AND POTATOES,ONIONS DRY,YELLOW,2 lb bag,128,1.82,Jul,19,67,0,1016
2021-07-23 00:00:00,NATIONAL,ONIONS AND POTATOES,ONIONS DRY,YELLOW,2 lb bag,45,2.99,Jul,19,67,0,1016
2021-07-30 00:00:00,NATIONAL,ONIONS AND POTATOES,ONIONS DRY,YELLOW,2 lb bag,195,1.22,,,,,
2021-07-30 00:00:00,NATIONAL,ONIONS AND POTATOES,ONIONS DRY,YELLOW,2 lb bag,1,3.19,,,,,
2021-08-06 00:00:00,NATIONAL,ONIONS AND POTATOES,ONIONS DRY,YELLOW,2 lb bag,317,1.52,Aug,17,63,0.05,1000.875
2021-08-06 00:00:00,NATIONAL,ONIONS AND POTATOES,ONIONS DRY,YELLOW,2 lb bag,216,2.59,Aug,17,63,0.05,1000.875
2021-08-13 00:00:00,NATIONAL,ONIONS AND POTATOES,ONIONS DRY,YELLOW,2 lb bag,150,1.95,Aug,19,65,0,1020.75
2021-08-20 00:00:00,NATIONAL,ONIONS AND POTATOES,ONIONS DRY,YELLOW,2 lb bag,590,1.39,Aug,19,66,0,1015.75
2021-08-20 00:00:00,NATIONAL,ONIONS AND POTATOES,ONIONS DRY,YELLOW,2 lb bag,45,2.99,Aug,19,66,0,1015.75
2021-08-27 00:00:00,NATIONAL,ONIONS AND POTATOES,ONIONS DRY,YELLOW,2 lb bag,468,2.44,Aug,16,61,0,1023.875
2021-09-03 00:00:00,NATIONAL,ONIONS AND POTATOES,ONIONS DRY,YELLOW,2 lb bag,181,1.62,Sep,17,62,0,1021.75
2021-09-03 00:00:00,NATIONAL,ONIONS AND POTATOES,ONIONS DRY,YELLOW,2 lb bag,45,2.99,Sep,17,62,0,1021.75
2021-09-10 00:00:00,NATIONAL,ONIONS AND POTATOES,ONIONS DRY,YELLOW,2 lb bag,371,1.34,Sep,19,67,0.125,1011.875
2021-09-17 00:00:00,NATIONAL,ONIONS AND POTATOES,ONIONS DRY,YELLOW,2 lb bag,1166,1.61,Sep,17,63,0,1013
2021-09-17 00:00:00,NATIONAL,ONIONS AND POTATOES,ONIONS DRY,YELLOW,2 lb bag,45,2.99,Sep,17,63,0,1013
2021-09-24 00:00:00,NATIONAL,ONIONS AND POTATOES,ONIONS DRY,YELLOW,2 lb bag,837,1.31,Sep,18,64,0,1016
2021-09-24 00:00:00,NATIONAL,ONIONS AND POTATOES,ONIONS DRY,YELLOW,2 lb bag,1,2.59,Sep,18,64,0,1016
2021-10-01 00:00:00,NATIONAL,ONIONS AND POTATOES,ONIONS DRY,YELLOW,2 lb bag,432,1.23,Oct,14,58,0.0875,1011.125
2021-10-01 00:00:00,NATIONAL,ONIONS AND POTATOES,ONIONS DRY,YELLOW,2 lb bag,45,2.99,Oct,14,58,0.0875,1011.125
2021-10-08 00:00:00,NATIONAL,ONIONS AND POTATOES,ONIONS DRY,YELLOW,2 lb bag,564,1.11,Oct,15,59,0,1029.375
2021-10-08 00:00:00,NATIONAL,ONIONS AND POTATOES,ONIONS DRY,YELLOW,2 lb bag,171,2.49,Oct,15,59,0,1029.375
2021-10-15 00:00:00,NATIONAL,ONIONS AND POTATOES,ONIONS DRY,YELLOW,2 lb bag,374,1.3,Oct,13,55,0,1019.25
2021-10-22 00:00:00,NATIONAL,ONIONS AND POTATOES,ONIONS DRY,YELLOW,2 lb bag,946,1.12,Oct,9,49,0,1022.625
2021-10-22 00:00:00,NATIONAL,ONIONS AND POTATOES,ONIONS DRY,YELLOW,2 lb bag,45,2.99,Oct,9,49,0,1022.625
2021-10-29 00:00:00,NATIONAL,ONIONS AND POTATOES,ONIONS DRY,YELLOW,2 lb bag,389,1.3,,,,,
2021-11-05 00:00:00,NATIONAL,ONIONS AND POTATOES,ONIONS DRY,YELLOW,2 lb bag,703,1.22,Nov,7,44,0,1025.625
2021-11-05 00:00:00,NATIONAL,ONIONS AND POTATOES,ONIONS DRY,YELLOW,2 lb bag,36,2.99,Nov,7,44,0,1025.625
2021-11-12 00:00:00,NATIONAL,ONIONS AND POTATOES,ONIONS DRY,YELLOW,2 lb bag,564,2.32,Nov,12,54,0.0375,1012.625
2021-11-19 00:00:00,NATIONAL,ONIONS AND POTATOES,ONIONS DRY,YELLOW,2 lb bag,723,1.88,Nov,11,52,0,1030
2021-11-19 00:00:00,NATIONAL,ONIONS AND POTATOES,ONIONS DRY,YELLOW,2 lb bag,68,3.15,Nov,11,52,0,1030
2021-11-26 00:00:00,NATIONAL,ONIONS AND POTATOES,ONIONS DRY,YELLOW,2 lb bag,344,1.63,Nov,4,40,0.1125,999.375
2021-11-26 00:00:00,NATIONAL,ONIONS AND POTATOES,ONIONS DRY,YELLOW,2 lb bag,57,2.99,Nov,4,40,0.1125,999.375
2021-12-03 00:00:00,NATIONAL,ONIONS AND POTATOES,ONIONS DRY,YELLOW,2 lb bag,697,1.17,Dec,5,41,0.2,1005.625
2021-12-03 00:00:00,NATIONAL,ONIONS AND POTATOES,ONIONS DRY,YELLOW,2 lb bag,709,2.25,Dec,5,41,0.2,1005.625
2021-12-10 00:00:00,NATIONAL,ONIONS AND POTATOES,ONIONS DRY,YELLOW,2 lb bag,621,1.69,Dec,6,43,0.275,999.375
2021-12-10 00:00:00,NATIONAL,ONIONS AND POTATOES,ONIONS DRY,YELLOW,2 lb bag,45,2.99,Dec,6,43,0.275,999.375
2021-12-17 00:00:00,NATIONAL,ONIONS AND POTATOES,ONIONS DRY,YELLOW,2 lb bag,267,1.54,Dec,7,45,0,1039.875
2021-12-17 00:00:00,NATIONAL,ONIONS AND POTATOES,ONIONS DRY,YELLOW,2 lb bag,171,2.49,Dec,7,45,0,1039.875
2021-12-24 00:00:00,NATIONAL,ONIONS AND POTATOES,ONIONS DRY,YELLOW,2 lb bag,393,1.3,Dec,8,47,0.5125,1004.75
2021-12-24 00:00:00,NATIONAL,ONIONS AND POTATOES,ONIONS DRY,YELLOW,2 lb bag,182,2.58,Dec,8,47,0.5125,1004.75
2021-12-31 00:00:00,NATIONAL,ONIONS AND POTATOES,ONIONS DRY,YELLOW,2 lb bag,362,1.23,,,,,
2022-01-07 00:00:00,NATIONAL,ONIONS AND POTATOES,ONIONS DRY,YELLOW,2 lb bag,427,1.32,Jan,4,39,0,1015.5
2022-01-07 00:00:00,NATIONAL,ONIONS AND POTATOES,ONIONS DRY,YELLOW,2 lb bag,1489,2.85,Jan,4,39,0,1015.5
2022-01-14 00:00:00,NATIONAL,ONIONS AND POTATOES,ONIONS DRY,YELLOW,2 lb bag,565,1.58,Jan,4,39,0,1036
2022-01-14 00:00:00,NATIONAL,ONIONS AND POTATOES,ONIONS DRY,YELLOW,2 lb bag,12,2.99,Jan,4,39,0,1036
2022-01-21 00:00:00,NATIONAL,ONIONS AND POTATOES,ONIONS DRY,YELLOW,2 lb bag,560,1.29,Jan,2,36,0,1038.25
2022-01-28 00:00:00,NATIONAL,ONIONS AND POTATOES,ONIONS DRY,YELLOW,2 lb bag,319,1.44,Jan,5,41,0,1034.5
2022-01-28 00:00:00,NATIONAL,ONIONS AND POTATOES,ONIONS DRY,YELLOW,2 lb bag,45,2.99,Jan,5,41,0,1034.5
2022-02-04 00:00:00,NATIONAL,ONIONS AND POTATOES,ONIONS DRY,YELLOW,2 lb bag,612,1.73,Feb,7,45,0.25,1016.75
2022-02-04 00:00:00,NATIONAL,ONIONS AND POTATOES,ONIONS DRY,YELLOW,2 lb bag,1014,2.99,Feb,7,45,0.25,1016.75
2022-02-11 00:00:00,NATIONAL,ONIONS AND POTATOES,ONIONS DRY,YELLOW,2 lb bag,282,1.45,Feb,5,40,0,1032.875
2022-02-11 00:00:00,NATIONAL,ONIONS AND POTATOES,ONIONS DRY,YELLOW,2 lb bag,1302,2.99,Feb,5,40,0,1032.875
2022-02-18 00:00:00,NATIONAL,ONIONS AND POTATOES,ONIONS DRY,YELLOW,2 lb bag,173,1.49,Feb,8,47,0.0625,1000.25
2022-02-18 00:00:00,NATIONAL,ONIONS AND POTATOES,ONIONS DRY,YELLOW,2 lb bag,8,1.5,Feb,8,47,0.0625,1000.25
2022-02-25 00:00:00,NATIONAL,ONIONS AND POTATOES,ONIONS DRY,YELLOW,2 lb bag,473,1.33,Feb,6,43,0,1026.125
2022-02-25 00:00:00,NATIONAL,ONIONS AND POTATOES,ONIONS DRY,YELLOW,2 lb bag,266,2.39,Feb,6,43,0,1026.125
2022-03-04 00:00:00,NATIONAL,ONIONS AND POTATOES,ONIONS DRY,YELLOW,2 lb bag,432,1.54,Mar,8,46,0.075,1017.375
2022-03-04 00:00:00,NATIONAL,ONIONS AND POTATOES,ONIONS DRY,YELLOW,2 lb bag,169,2.54,Mar,8,46,0.075,1017.375
2022-03-11 00:00:00,NATIONAL,ONIONS AND POTATOES,ONIONS DRY,YELLOW,2 lb bag,1369,1.8,Mar,10,49,0.425,1006.375
2022-03-11 00:00:00,NATIONAL,ONIONS AND POTATOES,ONIONS DRY,YELLOW,2 lb bag,243,2.99,Mar,10,49,0.425,1006.375
2022-03-18 00:00:00,NATIONAL,ONIONS AND POTATOES,ONIONS DRY,YELLOW,2 lb bag,917,1.71,Mar,9,48,0,1041
2022-03-18 00:00:00,NATIONAL,ONIONS AND POTATOES,ONIONS DRY,YELLOW,2 lb bag,40,2.02,Mar,9,48,0,1041
2022-03-25 00:00:00,NATIONAL,ONIONS AND POTATOES,ONIONS DRY,YELLOW,2 lb bag,358,1.8,Mar,11,51,0,1030.625
2022-04-01 00:00:00,NATIONAL,ONIONS AND POTATOES,ONIONS DRY,YELLOW,2 lb bag,739,1.51,Apr,4,40,0.025,1015.75
2022-04-08 00:00:00,NATIONAL,ONIONS AND POTATOES,ONIONS DRY,YELLOW,2 lb bag,581,1.88,Apr,6,43,0.0375,1000.875
2022-04-08 00:00:00,NATIONAL,ONIONS AND POTATOES,ONIONS DRY,YELLOW,2 lb bag,45,2.99,Apr,6,43,0.0375,1000.875
2022-04-15 00:00:00,NATIONAL,ONIONS AND POTATOES,ONIONS DRY,YELLOW,2 lb bag,319,1.56,Apr,15,59,0,1025.5
2022-04-22 00:00:00,NATIONAL,ONIONS AND POTATOES,ONIONS DRY,YELLOW,2 lb bag,201,1.63,Apr,10,51,0.0375,1008.125
2022-04-22 00:00:00,NATIONAL,ONIONS AND POTATOES,ONIONS DRY,YELLOW,2 lb bag,12,3.99,Apr,10,51,0.0375,1008.125
2022-04-29 00:00:00,NATIONAL,ONIONS AND POTATOES,ONIONS DRY,YELLOW,2 lb bag,313,1.44,,,,,
2022-05-06 00:00:00,NATIONAL,ONIONS AND POTATOES,ONIONS DRY,YELLOW,2 lb bag,446,2.02,May,15,59,0,1024.25
2022-05-06 00:00:00,NATIONAL,ONIONS AND POTATOES,ONIONS DRY,YELLOW,2 lb bag,12,3.99,May,15,59,0,1024.25
2022-05-13 00:00:00,NATIONAL,ONIONS AND POTATOES,ONIONS DRY,YELLOW,2 lb bag,69,1.73,May,14,58,0,1019
2022-05-20 00:00:00,NATIONAL,ONIONS AND POTATOES,ONIONS DRY,YELLOW,2 lb bag,138,1.48,May,14,56,0.0625,1019.125
2022-05-27 00:00:00,NATIONAL,ONIONS AND POTATOES,ONIONS DRY,YELLOW,2 lb bag,12,1.5,May,15,58,0,1025.375
2022-06-03 00:00:00,NATIONAL,ONIONS AND POTATOES,ONIONS DRY,YELLOW,2 lb bag,88,1.81,Jun,16,61,0,1019
2022-06-10 00:00:00,NATIONAL,ONIONS AND POTATOES,ONIONS DRY,YELLOW,2 lb bag,206,2.03,Jun,18,65,0,1018.75
2022-06-10 00:00:00,NATIONAL,ONIONS AND POTATOES,ONIONS DRY,YELLOW,2 lb bag,1,2.99,Jun,18,65,0,1018.75
2022-06-17 00:00:00,NATIONAL,ONIONS AND POTATOES,ONIONS DRY,YELLOW,2 lb bag,178,1.84,Jun,24,76,0,1018.125
2022-06-24 00:00:00,NATIONAL,ONIONS AND POTATOES,ONIONS DRY,YELLOW,2 lb bag,79,1.93,Jun,19,65,0.1875,1005.75
2022-07-08 00:00:00,NATIONAL,ONIONS AND POTATOES,ONIONS DRY,YELLOW,2 lb bag,189,2.16,Jul,21,70,0,1030.75
2022-07-15 00:00:00,NATIONAL,ONIONS AND POTATOES,ONIONS DRY,YELLOW,2 lb bag,128,1.82,Jul,21,69,0,1023.375
2022-07-22 00:00:00,NATIONAL,ONIONS AND POTATOES,ONIONS DRY,YELLOW,2 lb bag,62,1.22,Jul,19,65,0.025,1019.875
2022-07-22 00:00:00,NATIONAL,ONIONS AND POTATOES,ONIONS DRY,YELLOW,2 lb bag,1,3.29,Jul,19,65,0.025,1019.875
2022-07-29 00:00:00,NATIONAL,ONIONS AND POTATOES,ONIONS DRY,YELLOW,2 lb bag,63,1.99,,,,,
2022-08-05 00:00:00,NATIONAL,ONIONS AND POTATOES,ONIONS DRY,YELLOW,2 lb bag,24,1.79,Aug,19,65,0,1023.25
2022-08-12 00:00:00,NATIONAL,ONIONS AND POTATOES,ONIONS DRY,YELLOW,2 lb bag,164,1.99,Aug,25,78,0,1017.875
2022-08-19 00:00:00,NATIONAL,ONIONS AND POTATOES,ONIONS DRY,YELLOW,2 lb bag,99,1.62,Aug,21,70,0.075,1014.25
2022-08-19 00:00:00,NATIONAL,ONIONS AND POTATOES,ONIONS DRY,YELLOW,2 lb bag,22,3.99,Aug,21,70,0.075,1014.25
2022-08-26 00:00:00,NATIONAL,ONIONS AND POTATOES,ONIONS DRY,YELLOW,2 lb bag,58,1.61,Aug,20,68,0,1018.25
2022-08-26 00:00:00,NATIONAL,ONIONS AND POTATOES,ONIONS DRY,YELLOW,2 lb bag,22,3.99,Aug,20,68,0,1018.25
2022-09-02 00:00:00,NATIONAL,ONIONS AND POTATOES,ONIONS DRY,YELLOW,2 lb bag,68,2.03,Sep,20,68,0.2875,1010.375
2022-09-02 00:00:00,NATIONAL,ONIONS AND POTATOES,ONIONS DRY,YELLOW,2 lb bag,22,3.99,Sep,20,68,0.2875,1010.375
2022-09-09 00:00:00,NATIONAL,ONIONS AND POTATOES,ONIONS DRY,YELLOW,2 lb bag,253,2,Sep,16,62,0.075,1004.5
2022-09-16 00:00:00,NATIONAL,ONIONS AND POTATOES,ONIONS DRY,YELLOW,2 lb bag,373,1.52,Sep,14,57,0,1016.875
2022-09-16 00:00:00,NATIONAL,ONIONS AND POTATOES,ONIONS DRY,YELLOW,2 lb bag,172,2.99,Sep,14,57,0,1016.875
2022-09-23 00:00:00,NATIONAL,ONIONS AND POTATOES,ONIONS DRY,YELLOW,2 lb bag,477,1.64,Sep,16,61,0.1875,1016.125
2022-09-23 00:00:00,NATIONAL,ONIONS AND POTATOES,ONIONS DRY,YELLOW,2 lb bag,7,2.99,Sep,16,61,0.1875,1016.125
2022-09-30 00:00:00,NATIONAL,ONIONS AND POTATOES,ONIONS DRY,YELLOW,2 lb bag,286,1.51,,,,,
2022-10-07 00:00:00,NATIONAL,ONIONS AND POTATOES,ONIONS DRY,YELLOW,2 lb bag,660,1.67,Oct,15,59,0,1020.375
2022-10-07 00:00:00,NATIONAL,ONIONS AND POTATOES,ONIONS DRY,YELLOW,2 lb bag,171,2.99,Oct,15,59,0,1020.375
2022-10-14 00:00:00,NATIONAL,ONIONS AND POTATOES,ONIONS DRY,YELLOW,2 lb bag,502,1.63,Oct,13,56,0.0625,1012.25
2022-10-14 00:00:00,NATIONAL,ONIONS AND POTATOES,ONIONS DRY,YELLOW,2 lb bag,93,3.8,Oct,13,56,0.0625,1012.25
2022-10-21 00:00:00,NATIONAL,ONIONS AND POTATOES,ONIONS DRY,YELLOW,2 lb bag,516,1.52,Oct,15,59,0.25,1002.625
2022-10-21 00:00:00,NATIONAL,ONIONS AND POTATOES,ONIONS DRY,YELLOW,2 lb bag,30,3.63,Oct,15,59,0.25,1002.625
2022-10-28 00:00:00,NATIONAL,ONIONS AND POTATOES,ONIONS DRY,YELLOW,2 lb bag,443,1.49,Oct,16,61,0,1016.25
2022-11-04 00:00:00,NATIONAL,ONIONS AND POTATOES,ONIONS DRY,YELLOW,2 lb bag,781,1.35,Nov,10,49,0.025,1008.125
2022-11-04 00:00:00,NATIONAL,ONIONS AND POTATOES,ONIONS DRY,YELLOW,2 lb bag,81,4.98,Nov,10,49,0.025,1008.125
2022-11-11 00:00:00,NATIONAL,ONIONS AND POTATOES,ONIONS DRY,YELLOW,2 lb bag,242,2.04,Nov,13,56,0,1026.25
2022-11-11 00:00:00,NATIONAL,ONIONS AND POTATOES,ONIONS DRY,YELLOW,2 lb bag,51,2.92,Nov,13,56,0,1026.25
2022-11-18 00:00:00,NATIONAL,ONIONS AND POTATOES,ONIONS DRY,YELLOW,2 lb bag,1157,1.51,Nov,9,47,0.0375,1006.625
2022-11-25 00:00:00,NATIONAL,ONIONS AND POTATOES,ONIONS DRY,YELLOW,2 lb bag,1116,1.54,Nov,9,48,0,1014.75
2022-12-02 00:00:00,NATIONAL,ONIONS AND POTATOES,ONIONS DRY,YELLOW,2 lb bag,683,1.46,Dec,6,43,0.025,1027.125
2022-12-09 00:00:00,NATIONAL,ONIONS AND POTATOES,ONIONS DRY,YELLOW,2 lb bag,919,1.27,Dec,0,32,0,1010.625
2022-12-09 00:00:00,NATIONAL,ONIONS AND POTATOES,ONIONS DRY,YELLOW,2 lb bag,146,3.49,Dec,0,32,0,1010.625
2022-12-16 00:00:00,NATIONAL,ONIONS AND POTATOES,ONIONS DRY,YELLOW,2 lb bag,703,1.78,Dec,-1,31,0,1020
2022-12-16 00:00:00,NATIONAL,ONIONS AND POTATOES,ONIONS DRY,YELLOW,2 lb bag,169,2.99,Dec,-1,31,0,1020
2022-12-23 00:00:00,NATIONAL,ONIONS AND POTATOES,ONIONS DRY,YELLOW,2 lb bag,887,1.61,Dec,11,51,0.55,1000.75
2022-12-23 00:00:00,NATIONAL,ONIONS AND POTATOES,ONIONS DRY,YELLOW,2 lb bag,169,2.99,Dec,11,51,0.55,1000.75
2022-12-30 00:00:00,NATIONAL,ONIONS AND POTATOES,ONIONS DRY,YELLOW,2 lb bag,632,1.29,,,,,
2022-12-30 00:00:00,NATIONAL,ONIONS AND POTATOES,ONIONS DRY,YELLOW,2 lb bag,253,3.99,,,,,
2023-01-06 00:00:00,NATIONAL,ONIONS AND POTATOES,ONIONS DRY,YELLOW,2 lb bag,1452,1.45,Jan,9,48,0.075,1016.875
2023-01-06 00:00:00,NATIONAL,ONIONS AND POTATOES,ONIONS DRY,YELLOW,2 lb bag,344,3.62,Jan,9,48,0.075,1016.875
2023-01-13 00:00:00,NATIONAL,ONIONS AND POTATOES,ONIONS DRY,YELLOW,2 lb bag,123,1.49,Jan,8,46,0,1010.875
2023-01-13 00:00:00,NATIONAL,ONIONS AND POTATOES,ONIONS DRY,YELLOW,2 lb bag,52,3.29,Jan,8,46,0,1010.875
2023-01-20 00:00:00,NATIONAL,ONIONS AND POTATOES,ONIONS DRY,YELLOW,2 lb bag,661,1.47,Jan,2,35,0,1021.875
2023-01-20 00:00:00,NATIONAL,ONIONS AND POTATOES,ONIONS DRY,YELLOW,2 lb bag,252,3.99,Jan,2,35,0,1021.875
2023-01-27 00:00:00,NATIONAL,ONIONS AND POTATOES,ONIONS DRY,YELLOW,2 lb bag,247,1.32,Jan,4,40,0,1030.75
2023-01-27 00:00:00,NATIONAL,ONIONS AND POTATOES,ONIONS DRY,YELLOW,2 lb bag,23,2.51,Jan,4,40,0,1030.75
2023-02-03 00:00:00,NATIONAL,ONIONS AND POTATOES,ONIONS DRY,YELLOW,2 lb bag,427,1.19,Feb,9,48,0,1031.375
2023-02-10 00:00:00,NATIONAL,ONIONS AND POTATOES,ONIONS DRY,YELLOW,2 lb bag,444,1.53,Feb,4,40,0,1037
2023-02-17 00:00:00,NATIONAL,ONIONS AND POTATOES,ONIONS DRY,YELLOW,2 lb bag,373,1.39,Feb,12,53,0,1022.125
2023-02-17 00:00:00,NATIONAL,ONIONS AND POTATOES,ONIONS DRY,YELLOW,2 lb bag,8,1.99,Feb,12,53,0,1022.125
2023-02-24 00:00:00,NATIONAL,ONIONS AND POTATOES,ONIONS DRY,YELLOW,2 lb bag,326,1.45,Feb,5,42,0,1016.875
2023-03-03 00:00:00,NATIONAL,ONIONS AND POTATOES,ONIONS DRY,YELLOW,2 lb bag,530,1.72,Mar,6,42,0,1028
2023-03-10 00:00:00,NATIONAL,ONIONS AND POTATOES,ONIONS DRY,YELLOW,2 lb bag,1249,1.53,Mar,5,41,0.0875,993.125
2023-03-10 00:00:00,NATIONAL,ONIONS AND POTATOES,ONIONS DRY,YELLOW,2 lb bag,23,2.51,Mar,5,41,0.0875,993.125
2023-03-17 00:00:00,NATIONAL,ONIONS AND POTATOES,ONIONS DRY,YELLOW,2 lb bag,998,1.65,Mar,11,51,0.55,1003.875
2023-03-17 00:00:00,NATIONAL,ONIONS AND POTATOES,ONIONS DRY,YELLOW,2 lb bag,169,2.49,Mar,11,51,0.55,1003.875
2023-03-24 00:00:00,NATIONAL,ONIONS AND POTATOES,ONIONS DRY,YELLOW,2 lb bag,253,1.4,Mar,10,51,0.7125,997.75
2023-03-31 00:00:00,NATIONAL,ONIONS AND POTATOES,ONIONS DRY,YELLOW,2 lb bag,344,2.01,,,,,
2023-04-07 00:00:00,NATIONAL,ONIONS AND POTATOES,ONIONS DRY,YELLOW,2 lb bag,568,2.02,Apr,9,49,0.0125,1021.75
2023-04-14 00:00:00,NATIONAL,ONIONS AND POTATOES,ONIONS DRY,YELLOW,2 lb bag,1141,1.43,Apr,8,47,0.2375,1010.125
2023-04-21 00:00:00,NATIONAL,ONIONS AND POTATOES,ONIONS DRY,YELLOW,2 lb bag,518,1.68,Apr,9,48,0.2875,1012.5
2023-04-28 00:00:00,NATIONAL,ONIONS AND POTATOES,ONIONS DRY,YELLOW,2 lb bag,1095,1.29,Apr,14,57,0.1375,1012.125
2023-05-05 00:00:00,NATIONAL,ONIONS AND POTATOES,ONIONS DRY,YELLOW,2 lb bag,320,1.77,May,14,57,0.0875,1014.375
2023-05-12 00:00:00,NATIONAL,ONIONS AND POTATOES,ONIONS DRY,YELLOW,2 lb bag,969,1.34,May,11,51,0.05,1020.25
2023-05-12 00:00:00,NATIONAL,ONIONS AND POTATOES,ONIONS DRY,YELLOW,2 lb bag,1,2.59,May,11,51,0.05,1020.25
2023-05-19 00:00:00,NATIONAL,ONIONS AND POTATOES,ONIONS DRY,YELLOW,2 lb bag,242,1.47,May,13,56,0,1027.875
2023-05-19 00:00:00,NATIONAL,ONIONS AND POTATOES,ONIONS DRY,YELLOW,2 lb bag,29,2.38,May,13,56,0,1027.875
2023-05-26 00:00:00,NATIONAL,ONIONS AND POTATOES,ONIONS DRY,YELLOW,2 lb bag,608,2.25,May,12,54,0,1032
2023-06-02 00:00:00,NATIONAL,ONIONS AND POTATOES,ONIONS DRY,YELLOW,2 lb bag,209,1.74,Jun,13,55,0,1024.75
2023-06-02 00:00:00,NATIONAL,ONIONS AND POTATOES,ONIONS DRY,YELLOW,2 lb bag,162,3.88,Jun,13,55,0,1024.75
2023-06-09 00:00:00,NATIONAL,ONIONS AND POTATOES,ONIONS DRY,YELLOW,2 lb bag,223,1.75,Jun,18,64,0,1014.625
2023-06-16 00:00:00,NATIONAL,ONIONS AND POTATOES,ONIONS DRY,YELLOW,2 lb bag,562,1.42,Jun,20,68,0,1020.25
2023-06-23 00:00:00,NATIONAL,ONIONS AND POTATOES,ONIONS DRY,YELLOW,2 lb bag,155,2.04,Jun,21,70,0,1023.125
2023-06-23 00:00:00,NATIONAL,ONIONS AND POTATOES,ONIONS DRY,YELLOW,2 lb bag,22,2.5,Jun,21,70,0,1023.125
2023-06-30 00:00:00,NATIONAL,ONIONS AND POTATOES,ONIONS DRY,YELLOW,2 lb bag,86,1.51,,,,,
2023-07-07 00:00:00,NATIONAL,ONIONS AND POTATOES,ONIONS DRY,YELLOW,2 lb bag,114,1.7,Jul,21,70,0,1015.875
2023-07-14 00:00:00,NATIONAL,ONIONS AND POTATOES,ONIONS DRY,YELLOW,2 lb bag,508,2.39,Jul,17,63,0.425,1010
2023-07-14 00:00:00,NATIONAL,ONIONS AND POTATOES,ONIONS DRY,YELLOW,2 lb bag,333,3.3,Jul,17,63,0.425,1010
2023-07-21 00:00:00,NATIONAL,ONIONS AND POTATOES,ONIONS DRY,YELLOW,2 lb bag,72,2.15,Jul,17,63,0.025,1013.25
2023-07-21 00:00:00,NATIONAL,ONIONS AND POTATOES,ONIONS DRY,YELLOW,2 lb bag,252,3.99,Jul,17,63,0.025,1013.25
2023-07-28 00:00:00,NATIONAL,ONIONS AND POTATOES,ONIONS DRY,YELLOW,2 lb bag,324,1.54,Jul,19,66,0.025,1005.75
2023-07-28 00:00:00,NATIONAL,ONIONS AND POTATOES,ONIONS DRY,YELLOW,2 lb bag,253,3.99,Jul,19,66,0.025,1005.75
2023-08-04 00:00:00,NATIONAL,ONIONS AND POTATOES,ONIONS DRY,YELLOW,2 lb bag,73,1.78,Aug,17,62,0.125,1016.5
2023-08-04 00:00:00,NATIONAL,ONIONS AND POTATOES,ONIONS DRY,YELLOW,2 lb bag,46,3.28,Aug,17,62,0.125,1016.5
2023-08-11 00:00:00,NATIONAL,ONIONS AND POTATOES,ONIONS DRY,YELLOW,2 lb bag,276,1.88,Aug,20,69,0.025,1017.75
2023-08-11 00:00:00,NATIONAL,ONIONS AND POTATOES,ONIONS DRY,YELLOW,2 lb bag,24,3.99,Aug,20,69,0.025,1017.75
2023-08-18 00:00:00,NATIONAL,ONIONS AND POTATOES,ONIONS DRY,YELLOW,2 lb bag,959,1.72,Aug,19,66,0.3625,1013.25
2023-08-18 00:00:00,NATIONAL,ONIONS AND POTATOES,ONIONS DRY,YELLOW,2 lb bag,24,3.99,Aug,19,66,0.3625,1013.25
2023-08-25 00:00:00,NATIONAL,ONIONS AND POTATOES,ONIONS DRY,YELLOW,2 lb bag,524,1.97,Aug,18,64,0.075,1009.75
2023-08-25 00:00:00,NATIONAL,ONIONS AND POTATOES,ONIONS DRY,YELLOW,2 lb bag,4,3.36,Aug,18,64,0.075,1009.75
2023-09-01 00:00:00,NATIONAL,ONIONS AND POTATOES,ONIONS DRY,YELLOW,2 lb bag,488,1.63,Sep,18,65,0,1010.25
2023-09-01 00:00:00,NATIONAL,ONIONS AND POTATOES,ONIONS DRY,YELLOW,2 lb bag,252,3.99,Sep,18,65,0,1010.25
